,Flight_Date,Route,Carrier,Scheduled_Departure_Time,Aircraft_Capacity,Actual_Pax_Count,Is_Weekend,Is_Holiday_Period,CHML_Ordered,Flight_ID,Month
0,2024-01-01,EDI-DXB,Emirates,2024-01-01 14:00:00,259,220,False,False,9,EKEDIDXB1400,2024-01
1,2024-01-01,GLA-DXB,Emirates,2024-01-01 20:00:00,427,369,False,False,6,EKGLADXB2000,2024-01
2,2024-01-02,EDI-DXB,Emirates,2024-01-02 14:00:00,259,227,False,False,21,EKEDIDXB1400,2024-01
3,2024-01-02,GLA-DXB,Emirates,2024-01-02 20:00:00,427,384,False,False,18,EKGLADXB2000,2024-01
4,2024-01-03,EDI-DXB,Emirates,2024-01-03 14:00:00,259,238,False,False,14,EKEDIDXB1400,2024-01
5,2024-01-03,GLA-DXB,Emirates,2024-01-03 20:00:00,427,365,False,False,20,EKGLADXB2000,2024-01
6,2024-01-04,EDI-DXB,Emirates,2024-01-04 14:00:00,259,223,False,False,21,EKEDIDXB1400,2024-01
7,2024-01-04,GLA-DXB,Emirates,2024-01-04 20:00:00,427,385,False,False,27,EKGLADXB2000,2024-01
8,2024-01-05,EDI-DXB,Emirates,2024-01-05 14:00:00,259,232,False,False,8,EKEDIDXB1400,2024-01
9,2024-01-05,GLA-DXB,Emirates,2024-01-05 20:00:00,427,365,False,False,17,EKGLADXB2000,2024-01
10,2024-01-06,EDI-DXB,Emirates,2024-01-06 14:00:00,259,235,True,False,13,EKEDIDXB1400,2024-01
11,2024-01-06,GLA-DXB,Emirates,2024-01-06 20:00:00,427,379,True,False,25,EKGLADXB2000,2024-01
12,2024-01-07,EDI-DXB,Emirates,2024-01-07 14:00:00,259,222,True,False,19,EKEDIDXB1400,2024-01
13,2024-01-07,GLA-DXB,Emirates,2024-01-07 20:00:00,427,393,True,False,12,EKGLADXB2000,2024-01
14,2024-01-08,EDI-DXB,Emirates,2024-01-08 14:00:00,259,237,False,False,7,EKEDIDXB1400,2024-01
15,2024-01-08,GLA-DXB,Emirates,2024-01-08 20:00:00,427,381,False,False,22,EKGLADXB2000,2024-01
16,2024-01-09,EDI-DXB,Emirates,2024-01-09 14:00:00,259,229,False,False,13,EKEDIDXB1400,2024-01
17,2024-01-09,GLA-DXB,Emirates,2024-01-09 20:00:00,427,383,False,False,17,EKGLADXB2000,2024-01
18,2024-01-10,EDI-DXB,Emirates,2024-01-10 14:00:00,259,223,False,False,25,EKEDIDXB1400,2024-01
19,2024-01-10,GLA-DXB,Emirates,2024-01-10 20:00:00,427,382,False,False,26,EKGLADXB2000,2024-01
20,2024-01-11,EDI-DXB,Emirates,2024-01-11 14:00:00,259,224,False,False,25,EKEDIDXB1400,2024-01
21,2024-01-11,GLA-DXB,Emirates,2024-01-11 20:00:00,427,380,False,False,39,EKGLADXB2000,2024-01
22,2024-01-12,EDI-DXB,Emirates,2024-01-12 14:00:00,259,229,False,False,15,EKEDIDXB1400,2024-01
23,2024-01-12,GLA-DXB,Emirates,2024-01-12 20:00:00,427,392,False,False,21,EKGLADXB2000,2024-01
24,2024-01-13,EDI-DXB,Emirates,2024-01-13 14:00:00,259,218,True,False,29,EKEDIDXB1400,2024-01
25,2024-01-13,GLA-DXB,Emirates,2024-01-13 20:00:00,427,403,True,False,13,EKGLADXB2000,2024-01
26,2024-01-14,EDI-DXB,Emirates,2024-01-14 14:00:00,259,225,True,False,16,EKEDIDXB1400,2024-01
27,2024-01-14,GLA-DXB,Emirates,2024-01-14 20:00:00,427,381,True,False,29,EKGLADXB2000,2024-01
28,2024-01-15,EDI-DXB,Emirates,2024-01-15 14:00:00,259,239,False,False,12,EKEDIDXB1400,2024-01
29,2024-01-15,GLA-DXB,Emirates,2024-01-15 20:00:00,427,362,False,False,11,EKGLADXB2000,2024-01
30,2024-01-16,EDI-DXB,Emirates,2024-01-16 14:00:00,259,224,False,False,13,EKEDIDXB1400,2024-01
31,2024-01-16,GLA-DXB,Emirates,2024-01-16 20:00:00,427,383,False,False,17,EKGLADXB2000,2024-01
32,2024-01-17,EDI-DXB,Emirates,2024-01-17 14:00:00,259,230,False,False,15,EKEDIDXB1400,2024-01
33,2024-01-17,GLA-DXB,Emirates,2024-01-17 20:00:00,427,390,False,False,30,EKGLADXB2000,2024-01
34,2024-01-18,EDI-DXB,Emirates,2024-01-18 14:00:00,259,224,False,False,18,EKEDIDXB1400,2024-01
35,2024-01-18,GLA-DXB,Emirates,2024-01-18 20:00:00,427,382,False,False,34,EKGLADXB2000,2024-01
36,2024-01-19,EDI-DXB,Emirates,2024-01-19 14:00:00,259,229,False,False,21,EKEDIDXB1400,2024-01
37,2024-01-19,GLA-DXB,Emirates,2024-01-19 20:00:00,427,384,False,False,11,EKGLADXB2000,2024-01
38,2024-01-20,EDI-DXB,Emirates,2024-01-20 14:00:00,259,221,True,False,8,EKEDIDXB1400,2024-01
39,2024-01-20,GLA-DXB,Emirates,2024-01-20 20:00:00,427,385,True,False,32,EKGLADXB2000,2024-01
40,2024-01-21,EDI-DXB,Emirates,2024-01-21 14:00:00,259,226,True,False,22,EKEDIDXB1400,2024-01
41,2024-01-21,GLA-DXB,Emirates,2024-01-21 20:00:00,427,377,True,False,24,EKGLADXB2000,2024-01
42,2024-01-22,EDI-DXB,Emirates,2024-01-22 14:00:00,259,222,False,False,8,EKEDIDXB1400,2024-01
43,2024-01-22,GLA-DXB,Emirates,2024-01-22 20:00:00,427,366,False,False,10,EKGLADXB2000,2024-01
44,2024-01-23,EDI-DXB,Emirates,2024-01-23 14:00:00,259,231,False,False,5,EKEDIDXB1400,2024-01
45,2024-01-23,GLA-DXB,Emirates,2024-01-23 20:00:00,427,377,False,False,13,EKGLADXB2000,2024-01
46,2024-01-24,EDI-DXB,Emirates,2024-01-24 14:00:00,259,224,False,False,16,EKEDIDXB1400,2024-01
47,2024-01-24,GLA-DXB,Emirates,2024-01-24 20:00:00,427,382,False,False,11,EKGLADXB2000,2024-01
48,2024-01-25,EDI-DXB,Emirates,2024-01-25 14:00:00,259,229,False,False,17,EKEDIDXB1400,2024-01
49,2024-01-25,GLA-DXB,Emirates,2024-01-25 20:00:00,427,359,False,False,20,EKGLADXB2000,2024-01
50,2024-01-26,EDI-DXB,Emirates,2024-01-26 14:00:00,259,225,False,False,19,EKEDIDXB1400,2024-01
51,2024-01-26,GLA-DXB,Emirates,2024-01-26 20:00:00,427,380,False,False,12,EKGLADXB2000,2024-01
52,2024-01-27,EDI-DXB,Emirates,2024-01-27 14:00:00,259,238,True,False,21,EKEDIDXB1400,2024-01
53,2024-01-27,GLA-DXB,Emirates,2024-01-27 20:00:00,427,386,True,False,21,EKGLADXB2000,2024-01
54,2024-01-28,EDI-DXB,Emirates,2024-01-28 14:00:00,259,218,True,False,12,EKEDIDXB1400,2024-01
55,2024-01-28,GLA-DXB,Emirates,2024-01-28 20:00:00,427,388,True,False,29,EKGLADXB2000,2024-01
56,2024-01-29,EDI-DXB,Emirates,2024-01-29 14:00:00,259,223,False,False,23,EKEDIDXB1400,2024-01
57,2024-01-29,GLA-DXB,Emirates,2024-01-29 20:00:00,427,367,False,False,33,EKGLADXB2000,2024-01
58,2024-01-30,EDI-DXB,Emirates,2024-01-30 14:00:00,259,235,False,False,6,EKEDIDXB1400,2024-01
59,2024-01-30,GLA-DXB,Emirates,2024-01-30 20:00:00,427,354,False,False,30,EKGLADXB2000,2024-01
60,2024-01-31,EDI-DXB,Emirates,2024-01-31 14:00:00,259,233,False,False,13,EKEDIDXB1400,2024-01
61,2024-01-31,GLA-DXB,Emirates,2024-01-31 20:00:00,427,389,False,False,24,EKGLADXB2000,2024-01
62,2024-02-01,EDI-DXB,Emirates,2024-02-01 14:00:00,259,222,False,False,19,EKEDIDXB1400,2024-02
63,2024-02-01,GLA-DXB,Emirates,2024-02-01 20:00:00,427,379,False,False,36,EKGLADXB2000,2024-02
64,2024-02-02,EDI-DXB,Emirates,2024-02-02 14:00:00,259,221,False,False,3,EKEDIDXB1400,2024-02
65,2024-02-02,GLA-DXB,Emirates,2024-02-02 20:00:00,427,369,False,False,45,EKGLADXB2000,2024-02
66,2024-02-03,EDI-DXB,Emirates,2024-02-03 14:00:00,259,224,True,False,25,EKEDIDXB1400,2024-02
67,2024-02-03,GLA-DXB,Emirates,2024-02-03 20:00:00,427,370,True,False,37,EKGLADXB2000,2024-02
68,2024-02-04,EDI-DXB,Emirates,2024-02-04 14:00:00,259,242,True,False,18,EKEDIDXB1400,2024-02
69,2024-02-04,GLA-DXB,Emirates,2024-02-04 20:00:00,427,384,True,False,11,EKGLADXB2000,2024-02
70,2024-02-05,EDI-DXB,Emirates,2024-02-05 14:00:00,259,223,False,False,16,EKEDIDXB1400,2024-02
71,2024-02-05,GLA-DXB,Emirates,2024-02-05 20:00:00,427,396,False,False,21,EKGLADXB2000,2024-02
72,2024-02-06,EDI-DXB,Emirates,2024-02-06 14:00:00,259,224,False,False,3,EKEDIDXB1400,2024-02
73,2024-02-06,GLA-DXB,Emirates,2024-02-06 20:00:00,427,363,False,False,11,EKGLADXB2000,2024-02
74,2024-02-07,EDI-DXB,Emirates,2024-02-07 14:00:00,259,216,False,False,10,EKEDIDXB1400,2024-02
75,2024-02-07,GLA-DXB,Emirates,2024-02-07 20:00:00,427,371,False,False,7,EKGLADXB2000,2024-02
76,2024-02-08,EDI-DXB,Emirates,2024-02-08 14:00:00,259,219,False,False,15,EKEDIDXB1400,2024-02
77,2024-02-08,GLA-DXB,Emirates,2024-02-08 20:00:00,427,373,False,False,19,EKGLADXB2000,2024-02
78,2024-02-09,EDI-DXB,Emirates,2024-02-09 14:00:00,259,230,False,False,4,EKEDIDXB1400,2024-02
79,2024-02-09,GLA-DXB,Emirates,2024-02-09 20:00:00,427,381,False,False,17,EKGLADXB2000,2024-02
80,2024-02-10,EDI-DXB,Emirates,2024-02-10 14:00:00,259,229,True,False,3,EKEDIDXB1400,2024-02
81,2024-02-10,GLA-DXB,Emirates,2024-02-10 20:00:00,427,386,True,False,31,EKGLADXB2000,2024-02
82,2024-02-11,EDI-DXB,Emirates,2024-02-11 14:00:00,259,241,True,False,9,EKEDIDXB1400,2024-02
83,2024-02-11,GLA-DXB,Emirates,2024-02-11 20:00:00,427,393,True,False,15,EKGLADXB2000,2024-02
84,2024-02-12,EDI-DXB,Emirates,2024-02-12 14:00:00,259,240,False,False,23,EKEDIDXB1400,2024-02
85,2024-02-12,GLA-DXB,Emirates,2024-02-12 20:00:00,427,386,False,False,19,EKGLADXB2000,2024-02
86,2024-02-13,EDI-DXB,Emirates,2024-02-13 14:00:00,259,235,False,False,4,EKEDIDXB1400,2024-02
87,2024-02-13,GLA-DXB,Emirates,2024-02-13 20:00:00,427,380,False,False,34,EKGLADXB2000,2024-02
88,2024-02-14,EDI-DXB,Emirates,2024-02-14 14:00:00,259,225,False,False,30,EKEDIDXB1400,2024-02
89,2024-02-14,GLA-DXB,Emirates,2024-02-14 20:00:00,427,363,False,False,15,EKGLADXB2000,2024-02
90,2024-02-15,EDI-DXB,Emirates,2024-02-15 14:00:00,259,234,False,False,26,EKEDIDXB1400,2024-02
91,2024-02-15,GLA-DXB,Emirates,2024-02-15 20:00:00,427,379,False,False,9,EKGLADXB2000,2024-02
92,2024-02-16,EDI-DXB,Emirates,2024-02-16 14:00:00,259,237,False,False,10,EKEDIDXB1400,2024-02
93,2024-02-16,GLA-DXB,Emirates,2024-02-16 20:00:00,427,395,False,False,19,EKGLADXB2000,2024-02
94,2024-02-17,EDI-DXB,Emirates,2024-02-17 14:00:00,259,233,True,False,29,EKEDIDXB1400,2024-02
95,2024-02-17,GLA-DXB,Emirates,2024-02-17 20:00:00,427,378,True,False,17,EKGLADXB2000,2024-02
96,2024-02-18,EDI-DXB,Emirates,2024-02-18 14:00:00,259,249,True,False,29,EKEDIDXB1400,2024-02
97,2024-02-18,GLA-DXB,Emirates,2024-02-18 20:00:00,427,381,True,False,19,EKGLADXB2000,2024-02
98,2024-02-19,EDI-DXB,Emirates,2024-02-19 14:00:00,259,242,False,False,13,EKEDIDXB1400,2024-02
99,2024-02-19,GLA-DXB,Emirates,2024-02-19 20:00:00,427,396,False,False,29,EKGLADXB2000,2024-02
100,2024-02-20,EDI-DXB,Emirates,2024-02-20 14:00:00,259,218,False,False,11,EKEDIDXB1400,2024-02
101,2024-02-20,GLA-DXB,Emirates,2024-02-20 20:00:00,427,380,False,False,27,EKGLADXB2000,2024-02
102,2024-02-21,EDI-DXB,Emirates,2024-02-21 14:00:00,259,239,False,False,17,EKEDIDXB1400,2024-02
103,2024-02-21,GLA-DXB,Emirates,2024-02-21 20:00:00,427,344,False,False,21,EKGLADXB2000,2024-02
104,2024-02-22,EDI-DXB,Emirates,2024-02-22 14:00:00,259,220,False,False,6,EKEDIDXB1400,2024-02
105,2024-02-22,GLA-DXB,Emirates,2024-02-22 20:00:00,427,373,False,False,18,EKGLADXB2000,2024-02
106,2024-02-23,EDI-DXB,Emirates,2024-02-23 14:00:00,259,226,False,False,35,EKEDIDXB1400,2024-02
107,2024-02-23,GLA-DXB,Emirates,2024-02-23 20:00:00,427,351,False,False,9,EKGLADXB2000,2024-02
108,2024-02-24,EDI-DXB,Emirates,2024-02-24 14:00:00,259,236,True,False,26,EKEDIDXB1400,2024-02
109,2024-02-24,GLA-DXB,Emirates,2024-02-24 20:00:00,427,384,True,False,22,EKGLADXB2000,2024-02
110,2024-02-25,EDI-DXB,Emirates,2024-02-25 14:00:00,259,235,True,False,14,EKEDIDXB1400,2024-02
111,2024-02-25,GLA-DXB,Emirates,2024-02-25 20:00:00,427,369,True,False,20,EKGLADXB2000,2024-02
112,2024-02-26,EDI-DXB,Emirates,2024-02-26 14:00:00,259,235,False,False,11,EKEDIDXB1400,2024-02
113,2024-02-26,GLA-DXB,Emirates,2024-02-26 20:00:00,427,390,False,False,9,EKGLADXB2000,2024-02
114,2024-02-27,EDI-DXB,Emirates,2024-02-27 14:00:00,259,235,False,False,14,EKEDIDXB1400,2024-02
115,2024-02-27,GLA-DXB,Emirates,2024-02-27 20:00:00,427,388,False,False,31,EKGLADXB2000,2024-02
116,2024-02-28,EDI-DXB,Emirates,2024-02-28 14:00:00,259,231,False,False,18,EKEDIDXB1400,2024-02
117,2024-02-28,GLA-DXB,Emirates,2024-02-28 20:00:00,427,383,False,False,5,EKGLADXB2000,2024-02
118,2024-02-29,EDI-DXB,Emirates,2024-02-29 14:00:00,259,227,False,False,23,EKEDIDXB1400,2024-02
119,2024-02-29,GLA-DXB,Emirates,2024-02-29 20:00:00,427,354,False,False,18,EKGLADXB2000,2024-02
120,2024-03-01,EDI-DXB,Emirates,2024-03-01 14:00:00,259,233,False,False,7,EKEDIDXB1400,2024-03
121,2024-03-01,GLA-DXB,Emirates,2024-03-01 20:00:00,427,385,False,False,26,EKGLADXB2000,2024-03
122,2024-03-02,EDI-DXB,Emirates,2024-03-02 14:00:00,259,217,True,False,17,EKEDIDXB1400,2024-03
123,2024-03-02,GLA-DXB,Emirates,2024-03-02 20:00:00,427,402,True,False,23,EKGLADXB2000,2024-03
124,2024-03-03,EDI-DXB,Emirates,2024-03-03 14:00:00,259,229,True,False,13,EKEDIDXB1400,2024-03
125,2024-03-03,GLA-DXB,Emirates,2024-03-03 20:00:00,427,378,True,False,12,EKGLADXB2000,2024-03
126,2024-03-04,EDI-DXB,Emirates,2024-03-04 14:00:00,259,233,False,False,12,EKEDIDXB1400,2024-03
127,2024-03-04,GLA-DXB,Emirates,2024-03-04 20:00:00,427,352,False,False,20,EKGLADXB2000,2024-03
128,2024-03-05,EDI-DXB,Emirates,2024-03-05 14:00:00,259,244,False,False,7,EKEDIDXB1400,2024-03
129,2024-03-05,GLA-DXB,Emirates,2024-03-05 20:00:00,427,365,False,False,27,EKGLADXB2000,2024-03
130,2024-03-06,EDI-DXB,Emirates,2024-03-06 14:00:00,259,233,False,False,7,EKEDIDXB1400,2024-03
131,2024-03-06,GLA-DXB,Emirates,2024-03-06 20:00:00,427,371,False,False,12,EKGLADXB2000,2024-03
132,2024-03-07,EDI-DXB,Emirates,2024-03-07 14:00:00,259,217,False,False,1,EKEDIDXB1400,2024-03
133,2024-03-07,GLA-DXB,Emirates,2024-03-07 20:00:00,427,368,False,False,21,EKGLADXB2000,2024-03
134,2024-03-08,EDI-DXB,Emirates,2024-03-08 14:00:00,259,228,False,False,23,EKEDIDXB1400,2024-03
135,2024-03-08,GLA-DXB,Emirates,2024-03-08 20:00:00,427,379,False,False,11,EKGLADXB2000,2024-03
136,2024-03-09,EDI-DXB,Emirates,2024-03-09 14:00:00,259,231,True,False,23,EKEDIDXB1400,2024-03
137,2024-03-09,GLA-DXB,Emirates,2024-03-09 20:00:00,427,372,True,False,26,EKGLADXB2000,2024-03
138,2024-03-10,EDI-DXB,Emirates,2024-03-10 14:00:00,259,231,True,False,7,EKEDIDXB1400,2024-03
139,2024-03-10,GLA-DXB,Emirates,2024-03-10 20:00:00,427,388,True,False,27,EKGLADXB2000,2024-03
140,2024-03-11,EDI-DXB,Emirates,2024-03-11 14:00:00,259,227,False,False,16,EKEDIDXB1400,2024-03
141,2024-03-11,GLA-DXB,Emirates,2024-03-11 20:00:00,427,377,False,False,26,EKGLADXB2000,2024-03
142,2024-03-12,EDI-DXB,Emirates,2024-03-12 14:00:00,259,225,False,False,27,EKEDIDXB1400,2024-03
143,2024-03-12,GLA-DXB,Emirates,2024-03-12 20:00:00,427,383,False,False,21,EKGLADXB2000,2024-03
144,2024-03-13,EDI-DXB,Emirates,2024-03-13 14:00:00,259,240,False,False,26,EKEDIDXB1400,2024-03
145,2024-03-13,GLA-DXB,Emirates,2024-03-13 20:00:00,427,388,False,False,17,EKGLADXB2000,2024-03
146,2024-03-14,EDI-DXB,Emirates,2024-03-14 14:00:00,259,231,False,False,24,EKEDIDXB1400,2024-03
147,2024-03-14,GLA-DXB,Emirates,2024-03-14 20:00:00,427,372,False,False,15,EKGLADXB2000,2024-03
148,2024-03-15,EDI-DXB,Emirates,2024-03-15 14:00:00,259,226,False,False,10,EKEDIDXB1400,2024-03
149,2024-03-15,GLA-DXB,Emirates,2024-03-15 20:00:00,427,380,False,False,8,EKGLADXB2000,2024-03
150,2024-03-16,EDI-DXB,Emirates,2024-03-16 14:00:00,259,235,True,False,34,EKEDIDXB1400,2024-03
151,2024-03-16,GLA-DXB,Emirates,2024-03-16 20:00:00,427,379,True,False,10,EKGLADXB2000,2024-03
152,2024-03-17,EDI-DXB,Emirates,2024-03-17 14:00:00,259,234,True,False,8,EKEDIDXB1400,2024-03
153,2024-03-17,GLA-DXB,Emirates,2024-03-17 20:00:00,427,391,True,False,20,EKGLADXB2000,2024-03
154,2024-03-18,EDI-DXB,Emirates,2024-03-18 14:00:00,259,243,False,False,5,EKEDIDXB1400,2024-03
155,2024-03-18,GLA-DXB,Emirates,2024-03-18 20:00:00,427,354,False,False,10,EKGLADXB2000,2024-03
156,2024-03-19,EDI-DXB,Emirates,2024-03-19 14:00:00,259,229,False,False,8,EKEDIDXB1400,2024-03
157,2024-03-19,GLA-DXB,Emirates,2024-03-19 20:00:00,427,371,False,False,24,EKGLADXB2000,2024-03
158,2024-03-20,EDI-DXB,Emirates,2024-03-20 14:00:00,259,226,False,False,5,EKEDIDXB1400,2024-03
159,2024-03-20,GLA-DXB,Emirates,2024-03-20 20:00:00,427,374,False,False,22,EKGLADXB2000,2024-03
160,2024-03-21,EDI-DXB,Emirates,2024-03-21 14:00:00,259,226,False,False,12,EKEDIDXB1400,2024-03
161,2024-03-21,GLA-DXB,Emirates,2024-03-21 20:00:00,427,357,False,False,28,EKGLADXB2000,2024-03
162,2024-03-22,EDI-DXB,Emirates,2024-03-22 14:00:00,259,234,False,False,11,EKEDIDXB1400,2024-03
163,2024-03-22,GLA-DXB,Emirates,2024-03-22 20:00:00,427,370,False,False,29,EKGLADXB2000,2024-03
164,2024-03-23,EDI-DXB,Emirates,2024-03-23 14:00:00,259,244,True,False,26,EKEDIDXB1400,2024-03
165,2024-03-23,GLA-DXB,Emirates,2024-03-23 20:00:00,427,400,True,False,19,EKGLADXB2000,2024-03
166,2024-03-24,EDI-DXB,Emirates,2024-03-24 14:00:00,259,233,True,False,22,EKEDIDXB1400,2024-03
167,2024-03-24,GLA-DXB,Emirates,2024-03-24 20:00:00,427,377,True,False,24,EKGLADXB2000,2024-03
168,2024-03-25,EDI-DXB,Emirates,2024-03-25 14:00:00,259,239,False,False,28,EKEDIDXB1400,2024-03
169,2024-03-25,GLA-DXB,Emirates,2024-03-25 20:00:00,427,372,False,False,18,EKGLADXB2000,2024-03
170,2024-03-26,EDI-DXB,Emirates,2024-03-26 14:00:00,259,226,False,False,15,EKEDIDXB1400,2024-03
171,2024-03-26,GLA-DXB,Emirates,2024-03-26 20:00:00,427,378,False,False,25,EKGLADXB2000,2024-03
172,2024-03-27,EDI-DXB,Emirates,2024-03-27 14:00:00,259,241,False,False,20,EKEDIDXB1400,2024-03
173,2024-03-27,GLA-DXB,Emirates,2024-03-27 20:00:00,427,354,False,False,19,EKGLADXB2000,2024-03
174,2024-03-28,EDI-DXB,Emirates,2024-03-28 14:00:00,259,231,False,False,16,EKEDIDXB1400,2024-03
175,2024-03-28,GLA-DXB,Emirates,2024-03-28 20:00:00,427,377,False,False,40,EKGLADXB2000,2024-03
176,2024-03-29,EDI-DXB,Emirates,2024-03-29 14:00:00,259,238,False,True,40,EKEDIDXB1400,2024-03
177,2024-03-29,GLA-DXB,Emirates,2024-03-29 20:00:00,427,398,False,True,35,EKGLADXB2000,2024-03
178,2024-03-30,EDI-DXB,Emirates,2024-03-30 14:00:00,259,227,True,True,41,EKEDIDXB1400,2024-03
179,2024-03-30,GLA-DXB,Emirates,2024-03-30 20:00:00,427,379,True,True,36,EKGLADXB2000,2024-03
180,2024-03-31,EDI-DXB,Emirates,2024-03-31 14:00:00,259,225,True,True,40,EKEDIDXB1400,2024-03
181,2024-03-31,GLA-DXB,Emirates,2024-03-31 20:00:00,427,394,True,True,36,EKGLADXB2000,2024-03
182,2024-04-01,EDI-DXB,Emirates,2024-04-01 14:00:00,259,233,False,True,20,EKEDIDXB1400,2024-04
183,2024-04-01,GLA-DXB,Emirates,2024-04-01 20:00:00,427,367,False,True,28,EKGLADXB2000,2024-04
184,2024-04-02,EDI-DXB,Emirates,2024-04-02 14:00:00,259,229,False,True,26,EKEDIDXB1400,2024-04
185,2024-04-02,GLA-DXB,Emirates,2024-04-02 20:00:00,427,387,False,True,28,EKGLADXB2000,2024-04
186,2024-04-03,EDI-DXB,Emirates,2024-04-03 14:00:00,259,229,False,True,19,EKEDIDXB1400,2024-04
187,2024-04-03,GLA-DXB,Emirates,2024-04-03 20:00:00,427,365,False,True,42,EKGLADXB2000,2024-04
188,2024-04-04,EDI-DXB,Emirates,2024-04-04 14:00:00,259,230,False,True,46,EKEDIDXB1400,2024-04
189,2024-04-04,GLA-DXB,Emirates,2024-04-04 20:00:00,427,370,False,True,20,EKGLADXB2000,2024-04
190,2024-04-05,EDI-DXB,Emirates,2024-04-05 14:00:00,259,233,False,True,25,EKEDIDXB1400,2024-04
191,2024-04-05,GLA-DXB,Emirates,2024-04-05 20:00:00,427,382,False,True,27,EKGLADXB2000,2024-04
192,2024-04-06,EDI-DXB,Emirates,2024-04-06 14:00:00,259,226,True,True,22,EKEDIDXB1400,2024-04
193,2024-04-06,GLA-DXB,Emirates,2024-04-06 20:00:00,427,391,True,True,42,EKGLADXB2000,2024-04
194,2024-04-07,EDI-DXB,Emirates,2024-04-07 14:00:00,259,232,True,True,39,EKEDIDXB1400,2024-04
195,2024-04-07,GLA-DXB,Emirates,2024-04-07 20:00:00,427,380,True,True,50,EKGLADXB2000,2024-04
196,2024-04-08,EDI-DXB,Emirates,2024-04-08 14:00:00,259,231,False,True,28,EKEDIDXB1400,2024-04
197,2024-04-08,GLA-DXB,Emirates,2024-04-08 20:00:00,427,386,False,True,23,EKGLADXB2000,2024-04
198,2024-04-09,EDI-DXB,Emirates,2024-04-09 14:00:00,259,219,False,True,23,EKEDIDXB1400,2024-04
199,2024-04-09,GLA-DXB,Emirates,2024-04-09 20:00:00,427,374,False,True,30,EKGLADXB2000,2024-04
200,2024-04-10,EDI-DXB,Emirates,2024-04-10 14:00:00,259,229,False,True,37,EKEDIDXB1400,2024-04
201,2024-04-10,GLA-DXB,Emirates,2024-04-10 20:00:00,427,394,False,True,46,EKGLADXB2000,2024-04
202,2024-04-11,EDI-DXB,Emirates,2024-04-11 14:00:00,259,232,False,True,43,EKEDIDXB1400,2024-04
203,2024-04-11,GLA-DXB,Emirates,2024-04-11 20:00:00,427,365,False,True,38,EKGLADXB2000,2024-04
204,2024-04-12,EDI-DXB,Emirates,2024-04-12 14:00:00,259,220,False,True,44,EKEDIDXB1400,2024-04
205,2024-04-12,GLA-DXB,Emirates,2024-04-12 20:00:00,427,357,False,True,23,EKGLADXB2000,2024-04
206,2024-04-13,EDI-DXB,Emirates,2024-04-13 14:00:00,259,231,True,True,25,EKEDIDXB1400,2024-04
207,2024-04-13,GLA-DXB,Emirates,2024-04-13 20:00:00,427,371,True,True,33,EKGLADXB2000,2024-04
208,2024-04-14,EDI-DXB,Emirates,2024-04-14 14:00:00,259,235,True,True,30,EKEDIDXB1400,2024-04
209,2024-04-14,GLA-DXB,Emirates,2024-04-14 20:00:00,427,381,True,True,36,EKGLADXB2000,2024-04
210,2024-04-15,EDI-DXB,Emirates,2024-04-15 14:00:00,259,240,False,False,28,EKEDIDXB1400,2024-04
211,2024-04-15,GLA-DXB,Emirates,2024-04-15 20:00:00,427,392,False,False,16,EKGLADXB2000,2024-04
212,2024-04-16,EDI-DXB,Emirates,2024-04-16 14:00:00,259,234,False,False,29,EKEDIDXB1400,2024-04
213,2024-04-16,GLA-DXB,Emirates,2024-04-16 20:00:00,427,393,False,False,18,EKGLADXB2000,2024-04
214,2024-04-17,EDI-DXB,Emirates,2024-04-17 14:00:00,259,233,False,False,24,EKEDIDXB1400,2024-04
215,2024-04-17,GLA-DXB,Emirates,2024-04-17 20:00:00,427,368,False,False,19,EKGLADXB2000,2024-04
216,2024-04-18,EDI-DXB,Emirates,2024-04-18 14:00:00,259,236,False,False,11,EKEDIDXB1400,2024-04
217,2024-04-18,GLA-DXB,Emirates,2024-04-18 20:00:00,427,389,False,False,17,EKGLADXB2000,2024-04
218,2024-04-19,EDI-DXB,Emirates,2024-04-19 14:00:00,259,224,False,False,7,EKEDIDXB1400,2024-04
219,2024-04-19,GLA-DXB,Emirates,2024-04-19 20:00:00,427,373,False,False,28,EKGLADXB2000,2024-04
220,2024-04-20,EDI-DXB,Emirates,2024-04-20 14:00:00,259,238,True,False,9,EKEDIDXB1400,2024-04
221,2024-04-20,GLA-DXB,Emirates,2024-04-20 20:00:00,427,392,True,False,17,EKGLADXB2000,2024-04
222,2024-04-21,EDI-DXB,Emirates,2024-04-21 14:00:00,259,233,True,False,4,EKEDIDXB1400,2024-04
223,2024-04-21,GLA-DXB,Emirates,2024-04-21 20:00:00,427,389,True,False,23,EKGLADXB2000,2024-04
224,2024-04-22,EDI-DXB,Emirates,2024-04-22 14:00:00,259,227,False,False,6,EKEDIDXB1400,2024-04
225,2024-04-22,GLA-DXB,Emirates,2024-04-22 20:00:00,427,352,False,False,23,EKGLADXB2000,2024-04
226,2024-04-23,EDI-DXB,Emirates,2024-04-23 14:00:00,259,228,False,False,24,EKEDIDXB1400,2024-04
227,2024-04-23,GLA-DXB,Emirates,2024-04-23 20:00:00,427,364,False,False,30,EKGLADXB2000,2024-04
228,2024-04-24,EDI-DXB,Emirates,2024-04-24 14:00:00,259,222,False,False,25,EKEDIDXB1400,2024-04
229,2024-04-24,GLA-DXB,Emirates,2024-04-24 20:00:00,427,369,False,False,20,EKGLADXB2000,2024-04
230,2024-04-25,EDI-DXB,Emirates,2024-04-25 14:00:00,259,226,False,False,29,EKEDIDXB1400,2024-04
231,2024-04-25,GLA-DXB,Emirates,2024-04-25 20:00:00,427,372,False,False,17,EKGLADXB2000,2024-04
232,2024-04-26,EDI-DXB,Emirates,2024-04-26 14:00:00,259,219,False,False,26,EKEDIDXB1400,2024-04
233,2024-04-26,GLA-DXB,Emirates,2024-04-26 20:00:00,427,386,False,False,15,EKGLADXB2000,2024-04
234,2024-04-27,EDI-DXB,Emirates,2024-04-27 14:00:00,259,236,True,False,5,EKEDIDXB1400,2024-04
235,2024-04-27,GLA-DXB,Emirates,2024-04-27 20:00:00,427,367,True,False,30,EKGLADXB2000,2024-04
236,2024-04-28,EDI-DXB,Emirates,2024-04-28 14:00:00,259,233,True,False,5,EKEDIDXB1400,2024-04
237,2024-04-28,GLA-DXB,Emirates,2024-04-28 20:00:00,427,405,True,False,7,EKGLADXB2000,2024-04
238,2024-04-29,EDI-DXB,Emirates,2024-04-29 14:00:00,259,221,False,False,11,EKEDIDXB1400,2024-04
239,2024-04-29,GLA-DXB,Emirates,2024-04-29 20:00:00,427,409,False,False,26,EKGLADXB2000,2024-04
240,2024-04-30,EDI-DXB,Emirates,2024-04-30 14:00:00,259,237,False,False,27,EKEDIDXB1400,2024-04
241,2024-04-30,GLA-DXB,Emirates,2024-04-30 20:00:00,427,380,False,False,29,EKGLADXB2000,2024-04
242,2024-05-01,EDI-DXB,Emirates,2024-05-01 14:00:00,259,222,False,False,4,EKEDIDXB1400,2024-05
243,2024-05-01,GLA-DXB,Emirates,2024-05-01 20:00:00,427,348,False,False,38,EKGLADXB2000,2024-05
244,2024-05-02,EDI-DXB,Emirates,2024-05-02 14:00:00,259,220,False,False,15,EKEDIDXB1400,2024-05
245,2024-05-02,GLA-DXB,Emirates,2024-05-02 20:00:00,427,377,False,False,21,EKGLADXB2000,2024-05
246,2024-05-03,EDI-DXB,Emirates,2024-05-03 14:00:00,259,235,False,False,23,EKEDIDXB1400,2024-05
247,2024-05-03,GLA-DXB,Emirates,2024-05-03 20:00:00,427,375,False,False,24,EKGLADXB2000,2024-05
248,2024-05-04,EDI-DXB,Emirates,2024-05-04 14:00:00,259,228,True,False,30,EKEDIDXB1400,2024-05
249,2024-05-04,GLA-DXB,Emirates,2024-05-04 20:00:00,427,386,True,False,24,EKGLADXB2000,2024-05
250,2024-05-05,EDI-DXB,Emirates,2024-05-05 14:00:00,259,221,True,False,21,EKEDIDXB1400,2024-05
251,2024-05-05,GLA-DXB,Emirates,2024-05-05 20:00:00,427,390,True,False,32,EKGLADXB2000,2024-05
252,2024-05-06,EDI-DXB,Emirates,2024-05-06 14:00:00,259,241,False,False,6,EKEDIDXB1400,2024-05
253,2024-05-06,GLA-DXB,Emirates,2024-05-06 20:00:00,427,391,False,False,20,EKGLADXB2000,2024-05
254,2024-05-07,EDI-DXB,Emirates,2024-05-07 14:00:00,259,220,False,False,16,EKEDIDXB1400,2024-05
255,2024-05-07,GLA-DXB,Emirates,2024-05-07 20:00:00,427,355,False,False,22,EKGLADXB2000,2024-05
256,2024-05-08,EDI-DXB,Emirates,2024-05-08 14:00:00,259,221,False,False,12,EKEDIDXB1400,2024-05
257,2024-05-08,GLA-DXB,Emirates,2024-05-08 20:00:00,427,379,False,False,20,EKGLADXB2000,2024-05
258,2024-05-09,EDI-DXB,Emirates,2024-05-09 14:00:00,259,225,False,False,11,EKEDIDXB1400,2024-05
259,2024-05-09,GLA-DXB,Emirates,2024-05-09 20:00:00,427,380,False,False,32,EKGLADXB2000,2024-05
260,2024-05-10,EDI-DXB,Emirates,2024-05-10 14:00:00,259,222,False,False,13,EKEDIDXB1400,2024-05
261,2024-05-10,GLA-DXB,Emirates,2024-05-10 20:00:00,427,381,False,False,18,EKGLADXB2000,2024-05
262,2024-05-11,EDI-DXB,Emirates,2024-05-11 14:00:00,259,233,True,False,4,EKEDIDXB1400,2024-05
263,2024-05-11,GLA-DXB,Emirates,2024-05-11 20:00:00,427,376,True,False,24,EKGLADXB2000,2024-05
264,2024-05-12,EDI-DXB,Emirates,2024-05-12 14:00:00,259,226,True,False,14,EKEDIDXB1400,2024-05
265,2024-05-12,GLA-DXB,Emirates,2024-05-12 20:00:00,427,389,True,False,28,EKGLADXB2000,2024-05
266,2024-05-13,EDI-DXB,Emirates,2024-05-13 14:00:00,259,245,False,False,19,EKEDIDXB1400,2024-05
267,2024-05-13,GLA-DXB,Emirates,2024-05-13 20:00:00,427,381,False,False,19,EKGLADXB2000,2024-05
268,2024-05-14,EDI-DXB,Emirates,2024-05-14 14:00:00,259,228,False,False,10,EKEDIDXB1400,2024-05
269,2024-05-14,GLA-DXB,Emirates,2024-05-14 20:00:00,427,367,False,False,20,EKGLADXB2000,2024-05
270,2024-05-15,EDI-DXB,Emirates,2024-05-15 14:00:00,259,224,False,False,18,EKEDIDXB1400,2024-05
271,2024-05-15,GLA-DXB,Emirates,2024-05-15 20:00:00,427,388,False,False,30,EKGLADXB2000,2024-05
272,2024-05-16,EDI-DXB,Emirates,2024-05-16 14:00:00,259,236,False,False,14,EKEDIDXB1400,2024-05
273,2024-05-16,GLA-DXB,Emirates,2024-05-16 20:00:00,427,352,False,False,6,EKGLADXB2000,2024-05
274,2024-05-17,EDI-DXB,Emirates,2024-05-17 14:00:00,259,233,False,False,15,EKEDIDXB1400,2024-05
275,2024-05-17,GLA-DXB,Emirates,2024-05-17 20:00:00,427,371,False,False,29,EKGLADXB2000,2024-05
276,2024-05-18,EDI-DXB,Emirates,2024-05-18 14:00:00,259,227,True,False,5,EKEDIDXB1400,2024-05
277,2024-05-18,GLA-DXB,Emirates,2024-05-18 20:00:00,427,376,True,False,21,EKGLADXB2000,2024-05
278,2024-05-19,EDI-DXB,Emirates,2024-05-19 14:00:00,259,236,True,False,13,EKEDIDXB1400,2024-05
279,2024-05-19,GLA-DXB,Emirates,2024-05-19 20:00:00,427,377,True,False,22,EKGLADXB2000,2024-05
280,2024-05-20,EDI-DXB,Emirates,2024-05-20 14:00:00,259,225,False,False,8,EKEDIDXB1400,2024-05
281,2024-05-20,GLA-DXB,Emirates,2024-05-20 20:00:00,427,384,False,False,24,EKGLADXB2000,2024-05
282,2024-05-21,EDI-DXB,Emirates,2024-05-21 14:00:00,259,217,False,False,9,EKEDIDXB1400,2024-05
283,2024-05-21,GLA-DXB,Emirates,2024-05-21 20:00:00,427,395,False,False,12,EKGLADXB2000,2024-05
284,2024-05-22,EDI-DXB,Emirates,2024-05-22 14:00:00,259,228,False,False,7,EKEDIDXB1400,2024-05
285,2024-05-22,GLA-DXB,Emirates,2024-05-22 20:00:00,427,390,False,False,16,EKGLADXB2000,2024-05
286,2024-05-23,EDI-DXB,Emirates,2024-05-23 14:00:00,259,222,False,False,24,EKEDIDXB1400,2024-05
287,2024-05-23,GLA-DXB,Emirates,2024-05-23 20:00:00,427,378,False,False,7,EKGLADXB2000,2024-05
288,2024-05-24,EDI-DXB,Emirates,2024-05-24 14:00:00,259,236,False,False,27,EKEDIDXB1400,2024-05
289,2024-05-24,GLA-DXB,Emirates,2024-05-24 20:00:00,427,372,False,False,36,EKGLADXB2000,2024-05
290,2024-05-25,EDI-DXB,Emirates,2024-05-25 14:00:00,259,236,True,False,18,EKEDIDXB1400,2024-05
291,2024-05-25,GLA-DXB,Emirates,2024-05-25 20:00:00,427,376,True,False,9,EKGLADXB2000,2024-05
292,2024-05-26,EDI-DXB,Emirates,2024-05-26 14:00:00,259,249,True,False,16,EKEDIDXB1400,2024-05
293,2024-05-26,GLA-DXB,Emirates,2024-05-26 20:00:00,427,375,True,False,26,EKGLADXB2000,2024-05
294,2024-05-27,EDI-DXB,Emirates,2024-05-27 14:00:00,259,222,False,False,6,EKEDIDXB1400,2024-05
295,2024-05-27,GLA-DXB,Emirates,2024-05-27 20:00:00,427,371,False,False,11,EKGLADXB2000,2024-05
296,2024-05-28,EDI-DXB,Emirates,2024-05-28 14:00:00,259,215,False,False,7,EKEDIDXB1400,2024-05
297,2024-05-28,GLA-DXB,Emirates,2024-05-28 20:00:00,427,381,False,False,20,EKGLADXB2000,2024-05
298,2024-05-29,EDI-DXB,Emirates,2024-05-29 14:00:00,259,225,False,False,27,EKEDIDXB1400,2024-05
299,2024-05-29,GLA-DXB,Emirates,2024-05-29 20:00:00,427,380,False,False,34,EKGLADXB2000,2024-05
300,2024-05-30,EDI-DXB,Emirates,2024-05-30 14:00:00,259,226,False,False,4,EKEDIDXB1400,2024-05
301,2024-05-30,GLA-DXB,Emirates,2024-05-30 20:00:00,427,356,False,False,33,EKGLADXB2000,2024-05
302,2024-05-31,EDI-DXB,Emirates,2024-05-31 14:00:00,259,244,False,False,6,EKEDIDXB1400,2024-05
303,2024-05-31,GLA-DXB,Emirates,2024-05-31 20:00:00,427,365,False,False,12,EKGLADXB2000,2024-05
304,2024-06-01,EDI-DXB,Emirates,2024-06-01 14:00:00,259,224,True,False,12,EKEDIDXB1400,2024-06
305,2024-06-01,GLA-DXB,Emirates,2024-06-01 20:00:00,427,407,True,False,11,EKGLADXB2000,2024-06
306,2024-06-02,EDI-DXB,Emirates,2024-06-02 14:00:00,259,235,True,False,17,EKEDIDXB1400,2024-06
307,2024-06-02,GLA-DXB,Emirates,2024-06-02 20:00:00,427,387,True,False,17,EKGLADXB2000,2024-06
308,2024-06-03,EDI-DXB,Emirates,2024-06-03 14:00:00,259,216,False,False,21,EKEDIDXB1400,2024-06
309,2024-06-03,GLA-DXB,Emirates,2024-06-03 20:00:00,427,397,False,False,13,EKGLADXB2000,2024-06
310,2024-06-04,EDI-DXB,Emirates,2024-06-04 14:00:00,259,228,False,False,25,EKEDIDXB1400,2024-06
311,2024-06-04,GLA-DXB,Emirates,2024-06-04 20:00:00,427,379,False,False,20,EKGLADXB2000,2024-06
312,2024-06-05,EDI-DXB,Emirates,2024-06-05 14:00:00,259,221,False,False,4,EKEDIDXB1400,2024-06
313,2024-06-05,GLA-DXB,Emirates,2024-06-05 20:00:00,427,369,False,False,19,EKGLADXB2000,2024-06
314,2024-06-06,EDI-DXB,Emirates,2024-06-06 14:00:00,259,234,False,False,13,EKEDIDXB1400,2024-06
315,2024-06-06,GLA-DXB,Emirates,2024-06-06 20:00:00,427,369,False,False,17,EKGLADXB2000,2024-06
316,2024-06-07,EDI-DXB,Emirates,2024-06-07 14:00:00,259,236,False,False,27,EKEDIDXB1400,2024-06
317,2024-06-07,GLA-DXB,Emirates,2024-06-07 20:00:00,427,367,False,False,11,EKGLADXB2000,2024-06
318,2024-06-08,EDI-DXB,Emirates,2024-06-08 14:00:00,259,240,True,False,24,EKEDIDXB1400,2024-06
319,2024-06-08,GLA-DXB,Emirates,2024-06-08 20:00:00,427,397,True,False,17,EKGLADXB2000,2024-06
320,2024-06-09,EDI-DXB,Emirates,2024-06-09 14:00:00,259,248,True,False,25,EKEDIDXB1400,2024-06
321,2024-06-09,GLA-DXB,Emirates,2024-06-09 20:00:00,427,400,True,False,42,EKGLADXB2000,2024-06
322,2024-06-10,EDI-DXB,Emirates,2024-06-10 14:00:00,259,226,False,False,18,EKEDIDXB1400,2024-06
323,2024-06-10,GLA-DXB,Emirates,2024-06-10 20:00:00,427,359,False,False,27,EKGLADXB2000,2024-06
324,2024-06-11,EDI-DXB,Emirates,2024-06-11 14:00:00,259,228,False,False,4,EKEDIDXB1400,2024-06
325,2024-06-11,GLA-DXB,Emirates,2024-06-11 20:00:00,427,389,False,False,30,EKGLADXB2000,2024-06
326,2024-06-12,EDI-DXB,Emirates,2024-06-12 14:00:00,259,231,False,False,24,EKEDIDXB1400,2024-06
327,2024-06-12,GLA-DXB,Emirates,2024-06-12 20:00:00,427,399,False,False,27,EKGLADXB2000,2024-06
328,2024-06-13,EDI-DXB,Emirates,2024-06-13 14:00:00,259,229,False,False,26,EKEDIDXB1400,2024-06
329,2024-06-13,GLA-DXB,Emirates,2024-06-13 20:00:00,427,387,False,False,20,EKGLADXB2000,2024-06
330,2024-06-14,EDI-DXB,Emirates,2024-06-14 14:00:00,259,236,False,False,14,EKEDIDXB1400,2024-06
331,2024-06-14,GLA-DXB,Emirates,2024-06-14 20:00:00,427,374,False,False,9,EKGLADXB2000,2024-06
332,2024-06-15,EDI-DXB,Emirates,2024-06-15 14:00:00,259,248,True,False,18,EKEDIDXB1400,2024-06
333,2024-06-15,GLA-DXB,Emirates,2024-06-15 20:00:00,427,375,True,False,34,EKGLADXB2000,2024-06
334,2024-06-16,EDI-DXB,Emirates,2024-06-16 14:00:00,259,238,True,False,22,EKEDIDXB1400,2024-06
335,2024-06-16,GLA-DXB,Emirates,2024-06-16 20:00:00,427,379,True,False,27,EKGLADXB2000,2024-06
336,2024-06-17,EDI-DXB,Emirates,2024-06-17 14:00:00,259,218,False,False,21,EKEDIDXB1400,2024-06
337,2024-06-17,GLA-DXB,Emirates,2024-06-17 20:00:00,427,369,False,False,14,EKGLADXB2000,2024-06
338,2024-06-18,EDI-DXB,Emirates,2024-06-18 14:00:00,259,234,False,False,8,EKEDIDXB1400,2024-06
339,2024-06-18,GLA-DXB,Emirates,2024-06-18 20:00:00,427,381,False,False,10,EKGLADXB2000,2024-06
340,2024-06-19,EDI-DXB,Emirates,2024-06-19 14:00:00,259,227,False,False,27,EKEDIDXB1400,2024-06
341,2024-06-19,GLA-DXB,Emirates,2024-06-19 20:00:00,427,385,False,False,34,EKGLADXB2000,2024-06
342,2024-06-20,EDI-DXB,Emirates,2024-06-20 14:00:00,259,242,False,False,9,EKEDIDXB1400,2024-06
343,2024-06-20,GLA-DXB,Emirates,2024-06-20 20:00:00,427,381,False,False,20,EKGLADXB2000,2024-06
344,2024-06-21,EDI-DXB,Emirates,2024-06-21 14:00:00,259,230,False,False,24,EKEDIDXB1400,2024-06
345,2024-06-21,GLA-DXB,Emirates,2024-06-21 20:00:00,427,386,False,False,28,EKGLADXB2000,2024-06
346,2024-06-22,EDI-DXB,Emirates,2024-06-22 14:00:00,259,228,True,False,31,EKEDIDXB1400,2024-06
347,2024-06-22,GLA-DXB,Emirates,2024-06-22 20:00:00,427,382,True,False,14,EKGLADXB2000,2024-06
348,2024-06-23,EDI-DXB,Emirates,2024-06-23 14:00:00,259,238,True,False,31,EKEDIDXB1400,2024-06
349,2024-06-23,GLA-DXB,Emirates,2024-06-23 20:00:00,427,370,True,False,19,EKGLADXB2000,2024-06
350,2024-06-24,EDI-DXB,Emirates,2024-06-24 14:00:00,259,229,False,False,25,EKEDIDXB1400,2024-06
351,2024-06-24,GLA-DXB,Emirates,2024-06-24 20:00:00,427,386,False,False,24,EKGLADXB2000,2024-06
352,2024-06-25,EDI-DXB,Emirates,2024-06-25 14:00:00,259,234,False,False,24,EKEDIDXB1400,2024-06
353,2024-06-25,GLA-DXB,Emirates,2024-06-25 20:00:00,427,359,False,False,12,EKGLADXB2000,2024-06
354,2024-06-26,EDI-DXB,Emirates,2024-06-26 14:00:00,259,218,False,False,12,EKEDIDXB1400,2024-06
355,2024-06-26,GLA-DXB,Emirates,2024-06-26 20:00:00,427,397,False,False,16,EKGLADXB2000,2024-06
356,2024-06-27,EDI-DXB,Emirates,2024-06-27 14:00:00,259,221,False,False,10,EKEDIDXB1400,2024-06
357,2024-06-27,GLA-DXB,Emirates,2024-06-27 20:00:00,427,367,False,False,27,EKGLADXB2000,2024-06
358,2024-06-28,EDI-DXB,Emirates,2024-06-28 14:00:00,259,219,False,True,23,EKEDIDXB1400,2024-06
359,2024-06-28,GLA-DXB,Emirates,2024-06-28 20:00:00,427,371,False,True,49,EKGLADXB2000,2024-06
360,2024-06-29,EDI-DXB,Emirates,2024-06-29 14:00:00,259,225,True,True,14,EKEDIDXB1400,2024-06
361,2024-06-29,GLA-DXB,Emirates,2024-06-29 20:00:00,427,391,True,True,54,EKGLADXB2000,2024-06
362,2024-06-30,EDI-DXB,Emirates,2024-06-30 14:00:00,259,240,True,True,14,EKEDIDXB1400,2024-06
363,2024-06-30,GLA-DXB,Emirates,2024-06-30 20:00:00,427,394,True,True,31,EKGLADXB2000,2024-06
364,2024-07-01,EDI-DXB,Emirates,2024-07-01 14:00:00,259,235,False,True,44,EKEDIDXB1400,2024-07
365,2024-07-01,GLA-DXB,Emirates,2024-07-01 20:00:00,427,375,False,True,42,EKGLADXB2000,2024-07
366,2024-07-02,EDI-DXB,Emirates,2024-07-02 14:00:00,259,224,False,True,14,EKEDIDXB1400,2024-07
367,2024-07-02,GLA-DXB,Emirates,2024-07-02 20:00:00,427,381,False,True,44,EKGLADXB2000,2024-07
368,2024-07-03,EDI-DXB,Emirates,2024-07-03 14:00:00,259,207,False,True,35,EKEDIDXB1400,2024-07
369,2024-07-03,GLA-DXB,Emirates,2024-07-03 20:00:00,427,365,False,True,69,EKGLADXB2000,2024-07
370,2024-07-04,EDI-DXB,Emirates,2024-07-04 14:00:00,259,222,False,True,17,EKEDIDXB1400,2024-07
371,2024-07-04,GLA-DXB,Emirates,2024-07-04 20:00:00,427,384,False,True,29,EKGLADXB2000,2024-07
372,2024-07-05,EDI-DXB,Emirates,2024-07-05 14:00:00,259,244,False,True,46,EKEDIDXB1400,2024-07
373,2024-07-05,GLA-DXB,Emirates,2024-07-05 20:00:00,427,385,False,True,42,EKGLADXB2000,2024-07
374,2024-07-06,EDI-DXB,Emirates,2024-07-06 14:00:00,259,243,True,True,10,EKEDIDXB1400,2024-07
375,2024-07-06,GLA-DXB,Emirates,2024-07-06 20:00:00,427,397,True,True,28,EKGLADXB2000,2024-07
376,2024-07-07,EDI-DXB,Emirates,2024-07-07 14:00:00,259,227,True,True,18,EKEDIDXB1400,2024-07
377,2024-07-07,GLA-DXB,Emirates,2024-07-07 20:00:00,427,388,True,True,36,EKGLADXB2000,2024-07
378,2024-07-08,EDI-DXB,Emirates,2024-07-08 14:00:00,259,225,False,True,38,EKEDIDXB1400,2024-07
379,2024-07-08,GLA-DXB,Emirates,2024-07-08 20:00:00,427,369,False,True,30,EKGLADXB2000,2024-07
380,2024-07-09,EDI-DXB,Emirates,2024-07-09 14:00:00,259,225,False,True,36,EKEDIDXB1400,2024-07
381,2024-07-09,GLA-DXB,Emirates,2024-07-09 20:00:00,427,375,False,True,33,EKGLADXB2000,2024-07
382,2024-07-10,EDI-DXB,Emirates,2024-07-10 14:00:00,259,208,False,True,17,EKEDIDXB1400,2024-07
383,2024-07-10,GLA-DXB,Emirates,2024-07-10 20:00:00,427,377,False,True,33,EKGLADXB2000,2024-07
384,2024-07-11,EDI-DXB,Emirates,2024-07-11 14:00:00,259,232,False,True,29,EKEDIDXB1400,2024-07
385,2024-07-11,GLA-DXB,Emirates,2024-07-11 20:00:00,427,372,False,True,38,EKGLADXB2000,2024-07
386,2024-07-12,EDI-DXB,Emirates,2024-07-12 14:00:00,259,228,False,True,16,EKEDIDXB1400,2024-07
387,2024-07-12,GLA-DXB,Emirates,2024-07-12 20:00:00,427,379,False,True,27,EKGLADXB2000,2024-07
388,2024-07-13,EDI-DXB,Emirates,2024-07-13 14:00:00,259,239,True,True,38,EKEDIDXB1400,2024-07
389,2024-07-13,GLA-DXB,Emirates,2024-07-13 20:00:00,427,366,True,True,46,EKGLADXB2000,2024-07
390,2024-07-14,EDI-DXB,Emirates,2024-07-14 14:00:00,259,236,True,True,20,EKEDIDXB1400,2024-07
391,2024-07-14,GLA-DXB,Emirates,2024-07-14 20:00:00,427,393,True,True,37,EKGLADXB2000,2024-07
392,2024-07-15,EDI-DXB,Emirates,2024-07-15 14:00:00,259,228,False,True,28,EKEDIDXB1400,2024-07
393,2024-07-15,GLA-DXB,Emirates,2024-07-15 20:00:00,427,358,False,True,51,EKGLADXB2000,2024-07
394,2024-07-16,EDI-DXB,Emirates,2024-07-16 14:00:00,259,233,False,True,22,EKEDIDXB1400,2024-07
395,2024-07-16,GLA-DXB,Emirates,2024-07-16 20:00:00,427,392,False,True,38,EKGLADXB2000,2024-07
396,2024-07-17,EDI-DXB,Emirates,2024-07-17 14:00:00,259,229,False,True,30,EKEDIDXB1400,2024-07
397,2024-07-17,GLA-DXB,Emirates,2024-07-17 20:00:00,427,354,False,True,40,EKGLADXB2000,2024-07
398,2024-07-18,EDI-DXB,Emirates,2024-07-18 14:00:00,259,228,False,True,31,EKEDIDXB1400,2024-07
399,2024-07-18,GLA-DXB,Emirates,2024-07-18 20:00:00,427,375,False,True,36,EKGLADXB2000,2024-07
400,2024-07-19,EDI-DXB,Emirates,2024-07-19 14:00:00,259,232,False,True,32,EKEDIDXB1400,2024-07
401,2024-07-19,GLA-DXB,Emirates,2024-07-19 20:00:00,427,364,False,True,51,EKGLADXB2000,2024-07
402,2024-07-20,EDI-DXB,Emirates,2024-07-20 14:00:00,259,225,True,True,38,EKEDIDXB1400,2024-07
403,2024-07-20,GLA-DXB,Emirates,2024-07-20 20:00:00,427,399,True,True,42,EKGLADXB2000,2024-07
404,2024-07-21,EDI-DXB,Emirates,2024-07-21 14:00:00,259,219,True,True,29,EKEDIDXB1400,2024-07
405,2024-07-21,GLA-DXB,Emirates,2024-07-21 20:00:00,427,375,True,True,53,EKGLADXB2000,2024-07
406,2024-07-22,EDI-DXB,Emirates,2024-07-22 14:00:00,259,220,False,True,28,EKEDIDXB1400,2024-07
407,2024-07-22,GLA-DXB,Emirates,2024-07-22 20:00:00,427,381,False,True,39,EKGLADXB2000,2024-07
408,2024-07-23,EDI-DXB,Emirates,2024-07-23 14:00:00,259,221,False,True,32,EKEDIDXB1400,2024-07
409,2024-07-23,GLA-DXB,Emirates,2024-07-23 20:00:00,427,383,False,True,41,EKGLADXB2000,2024-07
410,2024-07-24,EDI-DXB,Emirates,2024-07-24 14:00:00,259,210,False,True,25,EKEDIDXB1400,2024-07
411,2024-07-24,GLA-DXB,Emirates,2024-07-24 20:00:00,427,383,False,True,31,EKGLADXB2000,2024-07
412,2024-07-25,EDI-DXB,Emirates,2024-07-25 14:00:00,259,227,False,True,17,EKEDIDXB1400,2024-07
413,2024-07-25,GLA-DXB,Emirates,2024-07-25 20:00:00,427,398,False,True,37,EKGLADXB2000,2024-07
414,2024-07-26,EDI-DXB,Emirates,2024-07-26 14:00:00,259,229,False,True,24,EKEDIDXB1400,2024-07
415,2024-07-26,GLA-DXB,Emirates,2024-07-26 20:00:00,427,382,False,True,38,EKGLADXB2000,2024-07
416,2024-07-27,EDI-DXB,Emirates,2024-07-27 14:00:00,259,224,True,True,44,EKEDIDXB1400,2024-07
417,2024-07-27,GLA-DXB,Emirates,2024-07-27 20:00:00,427,395,True,True,47,EKGLADXB2000,2024-07
418,2024-07-28,EDI-DXB,Emirates,2024-07-28 14:00:00,259,227,True,True,28,EKEDIDXB1400,2024-07
419,2024-07-28,GLA-DXB,Emirates,2024-07-28 20:00:00,427,384,True,True,51,EKGLADXB2000,2024-07
420,2024-07-29,EDI-DXB,Emirates,2024-07-29 14:00:00,259,218,False,True,27,EKEDIDXB1400,2024-07
421,2024-07-29,GLA-DXB,Emirates,2024-07-29 20:00:00,427,367,False,True,41,EKGLADXB2000,2024-07
422,2024-07-30,EDI-DXB,Emirates,2024-07-30 14:00:00,259,227,False,True,14,EKEDIDXB1400,2024-07
423,2024-07-30,GLA-DXB,Emirates,2024-07-30 20:00:00,427,374,False,True,22,EKGLADXB2000,2024-07
424,2024-07-31,EDI-DXB,Emirates,2024-07-31 14:00:00,259,225,False,True,15,EKEDIDXB1400,2024-07
425,2024-07-31,GLA-DXB,Emirates,2024-07-31 20:00:00,427,391,False,True,43,EKGLADXB2000,2024-07
426,2024-08-01,EDI-DXB,Emirates,2024-08-01 14:00:00,259,226,False,True,45,EKEDIDXB1400,2024-08
427,2024-08-01,GLA-DXB,Emirates,2024-08-01 20:00:00,427,380,False,True,32,EKGLADXB2000,2024-08
428,2024-08-02,EDI-DXB,Emirates,2024-08-02 14:00:00,259,234,False,True,15,EKEDIDXB1400,2024-08
429,2024-08-02,GLA-DXB,Emirates,2024-08-02 20:00:00,427,367,False,True,62,EKGLADXB2000,2024-08
430,2024-08-03,EDI-DXB,Emirates,2024-08-03 14:00:00,259,245,True,True,14,EKEDIDXB1400,2024-08
431,2024-08-03,GLA-DXB,Emirates,2024-08-03 20:00:00,427,388,True,True,39,EKGLADXB2000,2024-08
432,2024-08-04,EDI-DXB,Emirates,2024-08-04 14:00:00,259,226,True,True,25,EKEDIDXB1400,2024-08
433,2024-08-04,GLA-DXB,Emirates,2024-08-04 20:00:00,427,379,True,True,26,EKGLADXB2000,2024-08
434,2024-08-05,EDI-DXB,Emirates,2024-08-05 14:00:00,259,216,False,True,20,EKEDIDXB1400,2024-08
435,2024-08-05,GLA-DXB,Emirates,2024-08-05 20:00:00,427,411,False,True,41,EKGLADXB2000,2024-08
436,2024-08-06,EDI-DXB,Emirates,2024-08-06 14:00:00,259,228,False,True,25,EKEDIDXB1400,2024-08
437,2024-08-06,GLA-DXB,Emirates,2024-08-06 20:00:00,427,397,False,True,37,EKGLADXB2000,2024-08
438,2024-08-07,EDI-DXB,Emirates,2024-08-07 14:00:00,259,225,False,True,9,EKEDIDXB1400,2024-08
439,2024-08-07,GLA-DXB,Emirates,2024-08-07 20:00:00,427,399,False,True,38,EKGLADXB2000,2024-08
440,2024-08-08,EDI-DXB,Emirates,2024-08-08 14:00:00,259,220,False,True,36,EKEDIDXB1400,2024-08
441,2024-08-08,GLA-DXB,Emirates,2024-08-08 20:00:00,427,368,False,True,37,EKGLADXB2000,2024-08
442,2024-08-09,EDI-DXB,Emirates,2024-08-09 14:00:00,259,238,False,True,28,EKEDIDXB1400,2024-08
443,2024-08-09,GLA-DXB,Emirates,2024-08-09 20:00:00,427,362,False,True,32,EKGLADXB2000,2024-08
444,2024-08-10,EDI-DXB,Emirates,2024-08-10 14:00:00,259,228,True,True,8,EKEDIDXB1400,2024-08
445,2024-08-10,GLA-DXB,Emirates,2024-08-10 20:00:00,427,372,True,True,25,EKGLADXB2000,2024-08
446,2024-08-11,EDI-DXB,Emirates,2024-08-11 14:00:00,259,239,True,True,28,EKEDIDXB1400,2024-08
447,2024-08-11,GLA-DXB,Emirates,2024-08-11 20:00:00,427,387,True,True,27,EKGLADXB2000,2024-08
448,2024-08-12,EDI-DXB,Emirates,2024-08-12 14:00:00,259,220,False,True,21,EKEDIDXB1400,2024-08
449,2024-08-12,GLA-DXB,Emirates,2024-08-12 20:00:00,427,368,False,True,47,EKGLADXB2000,2024-08
450,2024-08-13,EDI-DXB,Emirates,2024-08-13 14:00:00,259,232,False,False,19,EKEDIDXB1400,2024-08
451,2024-08-13,GLA-DXB,Emirates,2024-08-13 20:00:00,427,375,False,False,11,EKGLADXB2000,2024-08
452,2024-08-14,EDI-DXB,Emirates,2024-08-14 14:00:00,259,227,False,False,5,EKEDIDXB1400,2024-08
453,2024-08-14,GLA-DXB,Emirates,2024-08-14 20:00:00,427,370,False,False,21,EKGLADXB2000,2024-08
454,2024-08-15,EDI-DXB,Emirates,2024-08-15 14:00:00,259,217,False,False,14,EKEDIDXB1400,2024-08
455,2024-08-15,GLA-DXB,Emirates,2024-08-15 20:00:00,427,389,False,False,23,EKGLADXB2000,2024-08
456,2024-08-16,EDI-DXB,Emirates,2024-08-16 14:00:00,259,214,False,False,9,EKEDIDXB1400,2024-08
457,2024-08-16,GLA-DXB,Emirates,2024-08-16 20:00:00,427,367,False,False,17,EKGLADXB2000,2024-08
458,2024-08-17,EDI-DXB,Emirates,2024-08-17 14:00:00,259,218,True,False,14,EKEDIDXB1400,2024-08
459,2024-08-17,GLA-DXB,Emirates,2024-08-17 20:00:00,427,386,True,False,15,EKGLADXB2000,2024-08
460,2024-08-18,EDI-DXB,Emirates,2024-08-18 14:00:00,259,222,True,False,22,EKEDIDXB1400,2024-08
461,2024-08-18,GLA-DXB,Emirates,2024-08-18 20:00:00,427,397,True,False,8,EKGLADXB2000,2024-08
462,2024-08-19,EDI-DXB,Emirates,2024-08-19 14:00:00,259,234,False,False,1,EKEDIDXB1400,2024-08
463,2024-08-19,GLA-DXB,Emirates,2024-08-19 20:00:00,427,391,False,False,13,EKGLADXB2000,2024-08
464,2024-08-20,EDI-DXB,Emirates,2024-08-20 14:00:00,259,229,False,False,15,EKEDIDXB1400,2024-08
465,2024-08-20,GLA-DXB,Emirates,2024-08-20 20:00:00,427,360,False,False,13,EKGLADXB2000,2024-08
466,2024-08-21,EDI-DXB,Emirates,2024-08-21 14:00:00,259,227,False,False,5,EKEDIDXB1400,2024-08
467,2024-08-21,GLA-DXB,Emirates,2024-08-21 20:00:00,427,396,False,False,22,EKGLADXB2000,2024-08
468,2024-08-22,EDI-DXB,Emirates,2024-08-22 14:00:00,259,234,False,False,3,EKEDIDXB1400,2024-08
469,2024-08-22,GLA-DXB,Emirates,2024-08-22 20:00:00,427,396,False,False,16,EKGLADXB2000,2024-08
470,2024-08-23,EDI-DXB,Emirates,2024-08-23 14:00:00,259,235,False,False,13,EKEDIDXB1400,2024-08
471,2024-08-23,GLA-DXB,Emirates,2024-08-23 20:00:00,427,367,False,False,22,EKGLADXB2000,2024-08
472,2024-08-24,EDI-DXB,Emirates,2024-08-24 14:00:00,259,233,True,False,3,EKEDIDXB1400,2024-08
473,2024-08-24,GLA-DXB,Emirates,2024-08-24 20:00:00,427,403,True,False,10,EKGLADXB2000,2024-08
474,2024-08-25,EDI-DXB,Emirates,2024-08-25 14:00:00,259,228,True,False,9,EKEDIDXB1400,2024-08
475,2024-08-25,GLA-DXB,Emirates,2024-08-25 20:00:00,427,358,True,False,39,EKGLADXB2000,2024-08
476,2024-08-26,EDI-DXB,Emirates,2024-08-26 14:00:00,259,232,False,False,7,EKEDIDXB1400,2024-08
477,2024-08-26,GLA-DXB,Emirates,2024-08-26 20:00:00,427,402,False,False,18,EKGLADXB2000,2024-08
478,2024-08-27,EDI-DXB,Emirates,2024-08-27 14:00:00,259,225,False,False,6,EKEDIDXB1400,2024-08
479,2024-08-27,GLA-DXB,Emirates,2024-08-27 20:00:00,427,357,False,False,29,EKGLADXB2000,2024-08
480,2024-08-28,EDI-DXB,Emirates,2024-08-28 14:00:00,259,229,False,False,14,EKEDIDXB1400,2024-08
481,2024-08-28,GLA-DXB,Emirates,2024-08-28 20:00:00,427,378,False,False,26,EKGLADXB2000,2024-08
482,2024-08-29,EDI-DXB,Emirates,2024-08-29 14:00:00,259,229,False,False,7,EKEDIDXB1400,2024-08
483,2024-08-29,GLA-DXB,Emirates,2024-08-29 20:00:00,427,391,False,False,21,EKGLADXB2000,2024-08
484,2024-08-30,EDI-DXB,Emirates,2024-08-30 14:00:00,259,222,False,False,15,EKEDIDXB1400,2024-08
485,2024-08-30,GLA-DXB,Emirates,2024-08-30 20:00:00,427,357,False,False,33,EKGLADXB2000,2024-08
486,2024-08-31,EDI-DXB,Emirates,2024-08-31 14:00:00,259,230,True,False,21,EKEDIDXB1400,2024-08
487,2024-08-31,GLA-DXB,Emirates,2024-08-31 20:00:00,427,382,True,False,23,EKGLADXB2000,2024-08
488,2024-09-01,EDI-DXB,Emirates,2024-09-01 14:00:00,259,228,True,False,11,EKEDIDXB1400,2024-09
489,2024-09-01,GLA-DXB,Emirates,2024-09-01 20:00:00,427,371,True,False,2,EKGLADXB2000,2024-09
490,2024-09-02,EDI-DXB,Emirates,2024-09-02 14:00:00,259,214,False,False,9,EKEDIDXB1400,2024-09
491,2024-09-02,GLA-DXB,Emirates,2024-09-02 20:00:00,427,377,False,False,12,EKGLADXB2000,2024-09
492,2024-09-03,EDI-DXB,Emirates,2024-09-03 14:00:00,259,222,False,False,17,EKEDIDXB1400,2024-09
493,2024-09-03,GLA-DXB,Emirates,2024-09-03 20:00:00,427,382,False,False,16,EKGLADXB2000,2024-09
494,2024-09-04,EDI-DXB,Emirates,2024-09-04 14:00:00,259,242,False,False,21,EKEDIDXB1400,2024-09
495,2024-09-04,GLA-DXB,Emirates,2024-09-04 20:00:00,427,371,False,False,9,EKGLADXB2000,2024-09
496,2024-09-05,EDI-DXB,Emirates,2024-09-05 14:00:00,259,229,False,False,14,EKEDIDXB1400,2024-09
497,2024-09-05,GLA-DXB,Emirates,2024-09-05 20:00:00,427,375,False,False,22,EKGLADXB2000,2024-09
498,2024-09-06,EDI-DXB,Emirates,2024-09-06 14:00:00,259,236,False,False,28,EKEDIDXB1400,2024-09
499,2024-09-06,GLA-DXB,Emirates,2024-09-06 20:00:00,427,392,False,False,19,EKGLADXB2000,2024-09
500,2024-09-07,EDI-DXB,Emirates,2024-09-07 14:00:00,259,225,True,False,31,EKEDIDXB1400,2024-09
501,2024-09-07,GLA-DXB,Emirates,2024-09-07 20:00:00,427,363,True,False,11,EKGLADXB2000,2024-09
502,2024-09-08,EDI-DXB,Emirates,2024-09-08 14:00:00,259,240,True,False,11,EKEDIDXB1400,2024-09
503,2024-09-08,GLA-DXB,Emirates,2024-09-08 20:00:00,427,387,True,False,12,EKGLADXB2000,2024-09
504,2024-09-09,EDI-DXB,Emirates,2024-09-09 14:00:00,259,237,False,False,22,EKEDIDXB1400,2024-09
505,2024-09-09,GLA-DXB,Emirates,2024-09-09 20:00:00,427,370,False,False,25,EKGLADXB2000,2024-09
506,2024-09-10,EDI-DXB,Emirates,2024-09-10 14:00:00,259,215,False,False,3,EKEDIDXB1400,2024-09
507,2024-09-10,GLA-DXB,Emirates,2024-09-10 20:00:00,427,378,False,False,28,EKGLADXB2000,2024-09
508,2024-09-11,EDI-DXB,Emirates,2024-09-11 14:00:00,259,222,False,False,21,EKEDIDXB1400,2024-09
509,2024-09-11,GLA-DXB,Emirates,2024-09-11 20:00:00,427,357,False,False,30,EKGLADXB2000,2024-09
510,2024-09-12,EDI-DXB,Emirates,2024-09-12 14:00:00,259,228,False,False,12,EKEDIDXB1400,2024-09
511,2024-09-12,GLA-DXB,Emirates,2024-09-12 20:00:00,427,390,False,False,15,EKGLADXB2000,2024-09
512,2024-09-13,EDI-DXB,Emirates,2024-09-13 14:00:00,259,219,False,False,32,EKEDIDXB1400,2024-09
513,2024-09-13,GLA-DXB,Emirates,2024-09-13 20:00:00,427,379,False,False,30,EKGLADXB2000,2024-09
514,2024-09-14,EDI-DXB,Emirates,2024-09-14 14:00:00,259,230,True,False,22,EKEDIDXB1400,2024-09
515,2024-09-14,GLA-DXB,Emirates,2024-09-14 20:00:00,427,382,True,False,22,EKGLADXB2000,2024-09
516,2024-09-15,EDI-DXB,Emirates,2024-09-15 14:00:00,259,231,True,False,20,EKEDIDXB1400,2024-09
517,2024-09-15,GLA-DXB,Emirates,2024-09-15 20:00:00,427,379,True,False,7,EKGLADXB2000,2024-09
518,2024-09-16,EDI-DXB,Emirates,2024-09-16 14:00:00,259,230,False,False,5,EKEDIDXB1400,2024-09
519,2024-09-16,GLA-DXB,Emirates,2024-09-16 20:00:00,427,392,False,False,14,EKGLADXB2000,2024-09
520,2024-09-17,EDI-DXB,Emirates,2024-09-17 14:00:00,259,212,False,False,6,EKEDIDXB1400,2024-09
521,2024-09-17,GLA-DXB,Emirates,2024-09-17 20:00:00,427,387,False,False,15,EKGLADXB2000,2024-09
522,2024-09-18,EDI-DXB,Emirates,2024-09-18 14:00:00,259,218,False,False,20,EKEDIDXB1400,2024-09
523,2024-09-18,GLA-DXB,Emirates,2024-09-18 20:00:00,427,350,False,False,28,EKGLADXB2000,2024-09
524,2024-09-19,EDI-DXB,Emirates,2024-09-19 14:00:00,259,235,False,False,6,EKEDIDXB1400,2024-09
525,2024-09-19,GLA-DXB,Emirates,2024-09-19 20:00:00,427,364,False,False,11,EKGLADXB2000,2024-09
526,2024-09-20,EDI-DXB,Emirates,2024-09-20 14:00:00,259,238,False,False,9,EKEDIDXB1400,2024-09
527,2024-09-20,GLA-DXB,Emirates,2024-09-20 20:00:00,427,359,False,False,23,EKGLADXB2000,2024-09
528,2024-09-21,EDI-DXB,Emirates,2024-09-21 14:00:00,259,246,True,False,7,EKEDIDXB1400,2024-09
529,2024-09-21,GLA-DXB,Emirates,2024-09-21 20:00:00,427,378,True,False,11,EKGLADXB2000,2024-09
530,2024-09-22,EDI-DXB,Emirates,2024-09-22 14:00:00,259,223,True,False,12,EKEDIDXB1400,2024-09
531,2024-09-22,GLA-DXB,Emirates,2024-09-22 20:00:00,427,366,True,False,24,EKGLADXB2000,2024-09
532,2024-09-23,EDI-DXB,Emirates,2024-09-23 14:00:00,259,211,False,False,8,EKEDIDXB1400,2024-09
533,2024-09-23,GLA-DXB,Emirates,2024-09-23 20:00:00,427,374,False,False,7,EKGLADXB2000,2024-09
534,2024-09-24,EDI-DXB,Emirates,2024-09-24 14:00:00,259,228,False,False,15,EKEDIDXB1400,2024-09
535,2024-09-24,GLA-DXB,Emirates,2024-09-24 20:00:00,427,386,False,False,27,EKGLADXB2000,2024-09
536,2024-09-25,EDI-DXB,Emirates,2024-09-25 14:00:00,259,232,False,False,28,EKEDIDXB1400,2024-09
537,2024-09-25,GLA-DXB,Emirates,2024-09-25 20:00:00,427,365,False,False,7,EKGLADXB2000,2024-09
538,2024-09-26,EDI-DXB,Emirates,2024-09-26 14:00:00,259,226,False,False,9,EKEDIDXB1400,2024-09
539,2024-09-26,GLA-DXB,Emirates,2024-09-26 20:00:00,427,353,False,False,29,EKGLADXB2000,2024-09
540,2024-09-27,EDI-DXB,Emirates,2024-09-27 14:00:00,259,223,False,False,21,EKEDIDXB1400,2024-09
541,2024-09-27,GLA-DXB,Emirates,2024-09-27 20:00:00,427,366,False,False,21,EKGLADXB2000,2024-09
542,2024-09-28,EDI-DXB,Emirates,2024-09-28 14:00:00,259,241,True,False,8,EKEDIDXB1400,2024-09
543,2024-09-28,GLA-DXB,Emirates,2024-09-28 20:00:00,427,404,True,False,18,EKGLADXB2000,2024-09
544,2024-09-29,EDI-DXB,Emirates,2024-09-29 14:00:00,259,234,True,False,9,EKEDIDXB1400,2024-09
545,2024-09-29,GLA-DXB,Emirates,2024-09-29 20:00:00,427,383,True,False,24,EKGLADXB2000,2024-09
546,2024-09-30,EDI-DXB,Emirates,2024-09-30 14:00:00,259,220,False,False,10,EKEDIDXB1400,2024-09
547,2024-09-30,GLA-DXB,Emirates,2024-09-30 20:00:00,427,375,False,False,9,EKGLADXB2000,2024-09
548,2024-10-01,EDI-DXB,Emirates,2024-10-01 14:00:00,259,236,False,False,20,EKEDIDXB1400,2024-10
549,2024-10-01,GLA-DXB,Emirates,2024-10-01 20:00:00,427,381,False,False,35,EKGLADXB2000,2024-10
550,2024-10-02,EDI-DXB,Emirates,2024-10-02 14:00:00,259,229,False,False,21,EKEDIDXB1400,2024-10
551,2024-10-02,GLA-DXB,Emirates,2024-10-02 20:00:00,427,370,False,False,32,EKGLADXB2000,2024-10
552,2024-10-03,EDI-DXB,Emirates,2024-10-03 14:00:00,259,223,False,False,3,EKEDIDXB1400,2024-10
553,2024-10-03,GLA-DXB,Emirates,2024-10-03 20:00:00,427,383,False,False,12,EKGLADXB2000,2024-10
554,2024-10-04,EDI-DXB,Emirates,2024-10-04 14:00:00,259,220,False,False,18,EKEDIDXB1400,2024-10
555,2024-10-04,GLA-DXB,Emirates,2024-10-04 20:00:00,427,377,False,False,22,EKGLADXB2000,2024-10
556,2024-10-05,EDI-DXB,Emirates,2024-10-05 14:00:00,259,245,True,False,7,EKEDIDXB1400,2024-10
557,2024-10-05,GLA-DXB,Emirates,2024-10-05 20:00:00,427,377,True,False,14,EKGLADXB2000,2024-10
558,2024-10-06,EDI-DXB,Emirates,2024-10-06 14:00:00,259,234,True,False,15,EKEDIDXB1400,2024-10
559,2024-10-06,GLA-DXB,Emirates,2024-10-06 20:00:00,427,361,True,False,26,EKGLADXB2000,2024-10
560,2024-10-07,EDI-DXB,Emirates,2024-10-07 14:00:00,259,218,False,False,27,EKEDIDXB1400,2024-10
561,2024-10-07,GLA-DXB,Emirates,2024-10-07 20:00:00,427,371,False,False,29,EKGLADXB2000,2024-10
562,2024-10-08,EDI-DXB,Emirates,2024-10-08 14:00:00,259,236,False,False,17,EKEDIDXB1400,2024-10
563,2024-10-08,GLA-DXB,Emirates,2024-10-08 20:00:00,427,382,False,False,10,EKGLADXB2000,2024-10
564,2024-10-09,EDI-DXB,Emirates,2024-10-09 14:00:00,259,238,False,False,12,EKEDIDXB1400,2024-10
565,2024-10-09,GLA-DXB,Emirates,2024-10-09 20:00:00,427,403,False,False,12,EKGLADXB2000,2024-10
566,2024-10-10,EDI-DXB,Emirates,2024-10-10 14:00:00,259,220,False,False,7,EKEDIDXB1400,2024-10
567,2024-10-10,GLA-DXB,Emirates,2024-10-10 20:00:00,427,389,False,False,22,EKGLADXB2000,2024-10
568,2024-10-11,EDI-DXB,Emirates,2024-10-11 14:00:00,259,227,False,True,25,EKEDIDXB1400,2024-10
569,2024-10-11,GLA-DXB,Emirates,2024-10-11 20:00:00,427,373,False,True,47,EKGLADXB2000,2024-10
570,2024-10-12,EDI-DXB,Emirates,2024-10-12 14:00:00,259,234,True,True,25,EKEDIDXB1400,2024-10
571,2024-10-12,GLA-DXB,Emirates,2024-10-12 20:00:00,427,383,True,True,48,EKGLADXB2000,2024-10
572,2024-10-13,EDI-DXB,Emirates,2024-10-13 14:00:00,259,211,True,True,42,EKEDIDXB1400,2024-10
573,2024-10-13,GLA-DXB,Emirates,2024-10-13 20:00:00,427,398,True,True,60,EKGLADXB2000,2024-10
574,2024-10-14,EDI-DXB,Emirates,2024-10-14 14:00:00,259,222,False,True,37,EKEDIDXB1400,2024-10
575,2024-10-14,GLA-DXB,Emirates,2024-10-14 20:00:00,427,374,False,True,21,EKGLADXB2000,2024-10
576,2024-10-15,EDI-DXB,Emirates,2024-10-15 14:00:00,259,227,False,True,31,EKEDIDXB1400,2024-10
577,2024-10-15,GLA-DXB,Emirates,2024-10-15 20:00:00,427,384,False,True,38,EKGLADXB2000,2024-10
578,2024-10-16,EDI-DXB,Emirates,2024-10-16 14:00:00,259,221,False,True,14,EKEDIDXB1400,2024-10
579,2024-10-16,GLA-DXB,Emirates,2024-10-16 20:00:00,427,363,False,True,40,EKGLADXB2000,2024-10
580,2024-10-17,EDI-DXB,Emirates,2024-10-17 14:00:00,259,217,False,True,22,EKEDIDXB1400,2024-10
581,2024-10-17,GLA-DXB,Emirates,2024-10-17 20:00:00,427,366,False,True,41,EKGLADXB2000,2024-10
582,2024-10-18,EDI-DXB,Emirates,2024-10-18 14:00:00,259,233,False,True,32,EKEDIDXB1400,2024-10
583,2024-10-18,GLA-DXB,Emirates,2024-10-18 20:00:00,427,381,False,True,44,EKGLADXB2000,2024-10
584,2024-10-19,EDI-DXB,Emirates,2024-10-19 14:00:00,259,242,True,True,19,EKEDIDXB1400,2024-10
585,2024-10-19,GLA-DXB,Emirates,2024-10-19 20:00:00,427,393,True,True,38,EKGLADXB2000,2024-10
586,2024-10-20,EDI-DXB,Emirates,2024-10-20 14:00:00,259,229,True,True,26,EKEDIDXB1400,2024-10
587,2024-10-20,GLA-DXB,Emirates,2024-10-20 20:00:00,427,388,True,True,50,EKGLADXB2000,2024-10
588,2024-10-21,EDI-DXB,Emirates,2024-10-21 14:00:00,259,234,False,True,35,EKEDIDXB1400,2024-10
589,2024-10-21,GLA-DXB,Emirates,2024-10-21 20:00:00,427,397,False,True,33,EKGLADXB2000,2024-10
590,2024-10-22,EDI-DXB,Emirates,2024-10-22 14:00:00,259,224,False,True,39,EKEDIDXB1400,2024-10
591,2024-10-22,GLA-DXB,Emirates,2024-10-22 20:00:00,427,369,False,True,38,EKGLADXB2000,2024-10
592,2024-10-23,EDI-DXB,Emirates,2024-10-23 14:00:00,259,228,False,True,30,EKEDIDXB1400,2024-10
593,2024-10-23,GLA-DXB,Emirates,2024-10-23 20:00:00,427,397,False,True,49,EKGLADXB2000,2024-10
594,2024-10-24,EDI-DXB,Emirates,2024-10-24 14:00:00,259,232,False,True,17,EKEDIDXB1400,2024-10
595,2024-10-24,GLA-DXB,Emirates,2024-10-24 20:00:00,427,372,False,True,43,EKGLADXB2000,2024-10
596,2024-10-25,EDI-DXB,Emirates,2024-10-25 14:00:00,259,234,False,True,17,EKEDIDXB1400,2024-10
597,2024-10-25,GLA-DXB,Emirates,2024-10-25 20:00:00,427,368,False,True,44,EKGLADXB2000,2024-10
598,2024-10-26,EDI-DXB,Emirates,2024-10-26 14:00:00,259,229,True,True,20,EKEDIDXB1400,2024-10
599,2024-10-26,GLA-DXB,Emirates,2024-10-26 20:00:00,427,385,True,True,33,EKGLADXB2000,2024-10
600,2024-10-27,EDI-DXB,Emirates,2024-10-27 14:00:00,259,236,True,True,18,EKEDIDXB1400,2024-10
601,2024-10-27,GLA-DXB,Emirates,2024-10-27 20:00:00,427,380,True,True,30,EKGLADXB2000,2024-10
602,2024-10-28,EDI-DXB,Emirates,2024-10-28 14:00:00,259,228,False,False,28,EKEDIDXB1400,2024-10
603,2024-10-28,GLA-DXB,Emirates,2024-10-28 20:00:00,427,376,False,False,17,EKGLADXB2000,2024-10
604,2024-10-29,EDI-DXB,Emirates,2024-10-29 14:00:00,259,220,False,False,9,EKEDIDXB1400,2024-10
605,2024-10-29,GLA-DXB,Emirates,2024-10-29 20:00:00,427,395,False,False,33,EKGLADXB2000,2024-10
606,2024-10-30,EDI-DXB,Emirates,2024-10-30 14:00:00,259,231,False,False,8,EKEDIDXB1400,2024-10
607,2024-10-30,GLA-DXB,Emirates,2024-10-30 20:00:00,427,357,False,False,12,EKGLADXB2000,2024-10
608,2024-10-31,EDI-DXB,Emirates,2024-10-31 14:00:00,259,236,False,False,11,EKEDIDXB1400,2024-10
609,2024-10-31,GLA-DXB,Emirates,2024-10-31 20:00:00,427,372,False,False,11,EKGLADXB2000,2024-10
610,2024-11-01,EDI-DXB,Emirates,2024-11-01 14:00:00,259,213,False,False,3,EKEDIDXB1400,2024-11
611,2024-11-01,GLA-DXB,Emirates,2024-11-01 20:00:00,427,379,False,False,6,EKGLADXB2000,2024-11
612,2024-11-02,EDI-DXB,Emirates,2024-11-02 14:00:00,259,226,True,False,30,EKEDIDXB1400,2024-11
613,2024-11-02,GLA-DXB,Emirates,2024-11-02 20:00:00,427,382,True,False,23,EKGLADXB2000,2024-11
614,2024-11-03,EDI-DXB,Emirates,2024-11-03 14:00:00,259,239,True,False,25,EKEDIDXB1400,2024-11
615,2024-11-03,GLA-DXB,Emirates,2024-11-03 20:00:00,427,379,True,False,40,EKGLADXB2000,2024-11
616,2024-11-04,EDI-DXB,Emirates,2024-11-04 14:00:00,259,225,False,False,16,EKEDIDXB1400,2024-11
617,2024-11-04,GLA-DXB,Emirates,2024-11-04 20:00:00,427,363,False,False,13,EKGLADXB2000,2024-11
618,2024-11-05,EDI-DXB,Emirates,2024-11-05 14:00:00,259,210,False,False,6,EKEDIDXB1400,2024-11
619,2024-11-05,GLA-DXB,Emirates,2024-11-05 20:00:00,427,379,False,False,11,EKGLADXB2000,2024-11
620,2024-11-06,EDI-DXB,Emirates,2024-11-06 14:00:00,259,229,False,False,19,EKEDIDXB1400,2024-11
621,2024-11-06,GLA-DXB,Emirates,2024-11-06 20:00:00,427,382,False,False,13,EKGLADXB2000,2024-11
622,2024-11-07,EDI-DXB,Emirates,2024-11-07 14:00:00,259,219,False,False,21,EKEDIDXB1400,2024-11
623,2024-11-07,GLA-DXB,Emirates,2024-11-07 20:00:00,427,368,False,False,33,EKGLADXB2000,2024-11
624,2024-11-08,EDI-DXB,Emirates,2024-11-08 14:00:00,259,229,False,False,21,EKEDIDXB1400,2024-11
625,2024-11-08,GLA-DXB,Emirates,2024-11-08 20:00:00,427,353,False,False,23,EKGLADXB2000,2024-11
626,2024-11-09,EDI-DXB,Emirates,2024-11-09 14:00:00,259,243,True,False,28,EKEDIDXB1400,2024-11
627,2024-11-09,GLA-DXB,Emirates,2024-11-09 20:00:00,427,383,True,False,45,EKGLADXB2000,2024-11
628,2024-11-10,EDI-DXB,Emirates,2024-11-10 14:00:00,259,251,True,False,7,EKEDIDXB1400,2024-11
629,2024-11-10,GLA-DXB,Emirates,2024-11-10 20:00:00,427,377,True,False,17,EKGLADXB2000,2024-11
630,2024-11-11,EDI-DXB,Emirates,2024-11-11 14:00:00,259,233,False,False,22,EKEDIDXB1400,2024-11
631,2024-11-11,GLA-DXB,Emirates,2024-11-11 20:00:00,427,382,False,False,19,EKGLADXB2000,2024-11
632,2024-11-12,EDI-DXB,Emirates,2024-11-12 14:00:00,259,237,False,False,4,EKEDIDXB1400,2024-11
633,2024-11-12,GLA-DXB,Emirates,2024-11-12 20:00:00,427,376,False,False,16,EKGLADXB2000,2024-11
634,2024-11-13,EDI-DXB,Emirates,2024-11-13 14:00:00,259,224,False,False,8,EKEDIDXB1400,2024-11
635,2024-11-13,GLA-DXB,Emirates,2024-11-13 20:00:00,427,383,False,False,20,EKGLADXB2000,2024-11
636,2024-11-14,EDI-DXB,Emirates,2024-11-14 14:00:00,259,223,False,False,26,EKEDIDXB1400,2024-11
637,2024-11-14,GLA-DXB,Emirates,2024-11-14 20:00:00,427,367,False,False,29,EKGLADXB2000,2024-11
638,2024-11-15,EDI-DXB,Emirates,2024-11-15 14:00:00,259,218,False,False,21,EKEDIDXB1400,2024-11
639,2024-11-15,GLA-DXB,Emirates,2024-11-15 20:00:00,427,387,False,False,19,EKGLADXB2000,2024-11
640,2024-11-16,EDI-DXB,Emirates,2024-11-16 14:00:00,259,222,True,False,2,EKEDIDXB1400,2024-11
641,2024-11-16,GLA-DXB,Emirates,2024-11-16 20:00:00,427,372,True,False,13,EKGLADXB2000,2024-11
642,2024-11-17,EDI-DXB,Emirates,2024-11-17 14:00:00,259,230,True,False,7,EKEDIDXB1400,2024-11
643,2024-11-17,GLA-DXB,Emirates,2024-11-17 20:00:00,427,389,True,False,24,EKGLADXB2000,2024-11
644,2024-11-18,EDI-DXB,Emirates,2024-11-18 14:00:00,259,229,False,False,5,EKEDIDXB1400,2024-11
645,2024-11-18,GLA-DXB,Emirates,2024-11-18 20:00:00,427,398,False,False,26,EKGLADXB2000,2024-11
646,2024-11-19,EDI-DXB,Emirates,2024-11-19 14:00:00,259,217,False,False,9,EKEDIDXB1400,2024-11
647,2024-11-19,GLA-DXB,Emirates,2024-11-19 20:00:00,427,386,False,False,27,EKGLADXB2000,2024-11
648,2024-11-20,EDI-DXB,Emirates,2024-11-20 14:00:00,259,227,False,False,20,EKEDIDXB1400,2024-11
649,2024-11-20,GLA-DXB,Emirates,2024-11-20 20:00:00,427,378,False,False,15,EKGLADXB2000,2024-11
650,2024-11-21,EDI-DXB,Emirates,2024-11-21 14:00:00,259,233,False,False,17,EKEDIDXB1400,2024-11
651,2024-11-21,GLA-DXB,Emirates,2024-11-21 20:00:00,427,387,False,False,18,EKGLADXB2000,2024-11
652,2024-11-22,EDI-DXB,Emirates,2024-11-22 14:00:00,259,223,False,False,16,EKEDIDXB1400,2024-11
653,2024-11-22,GLA-DXB,Emirates,2024-11-22 20:00:00,427,396,False,False,29,EKGLADXB2000,2024-11
654,2024-11-23,EDI-DXB,Emirates,2024-11-23 14:00:00,259,221,True,False,5,EKEDIDXB1400,2024-11
655,2024-11-23,GLA-DXB,Emirates,2024-11-23 20:00:00,427,374,True,False,14,EKGLADXB2000,2024-11
656,2024-11-24,EDI-DXB,Emirates,2024-11-24 14:00:00,259,226,True,False,8,EKEDIDXB1400,2024-11
657,2024-11-24,GLA-DXB,Emirates,2024-11-24 20:00:00,427,401,True,False,13,EKGLADXB2000,2024-11
658,2024-11-25,EDI-DXB,Emirates,2024-11-25 14:00:00,259,232,False,False,26,EKEDIDXB1400,2024-11
659,2024-11-25,GLA-DXB,Emirates,2024-11-25 20:00:00,427,356,False,False,29,EKGLADXB2000,2024-11
660,2024-11-26,EDI-DXB,Emirates,2024-11-26 14:00:00,259,217,False,False,20,EKEDIDXB1400,2024-11
661,2024-11-26,GLA-DXB,Emirates,2024-11-26 20:00:00,427,381,False,False,27,EKGLADXB2000,2024-11
662,2024-11-27,EDI-DXB,Emirates,2024-11-27 14:00:00,259,227,False,False,6,EKEDIDXB1400,2024-11
663,2024-11-27,GLA-DXB,Emirates,2024-11-27 20:00:00,427,375,False,False,19,EKGLADXB2000,2024-11
664,2024-11-28,EDI-DXB,Emirates,2024-11-28 14:00:00,259,222,False,False,30,EKEDIDXB1400,2024-11
665,2024-11-28,GLA-DXB,Emirates,2024-11-28 20:00:00,427,392,False,False,28,EKGLADXB2000,2024-11
666,2024-11-29,EDI-DXB,Emirates,2024-11-29 14:00:00,259,229,False,False,7,EKEDIDXB1400,2024-11
667,2024-11-29,GLA-DXB,Emirates,2024-11-29 20:00:00,427,391,False,False,23,EKGLADXB2000,2024-11
668,2024-11-30,EDI-DXB,Emirates,2024-11-30 14:00:00,259,221,True,False,25,EKEDIDXB1400,2024-11
669,2024-11-30,GLA-DXB,Emirates,2024-11-30 20:00:00,427,366,True,False,24,EKGLADXB2000,2024-11
670,2024-12-01,EDI-DXB,Emirates,2024-12-01 14:00:00,259,230,True,False,23,EKEDIDXB1400,2024-12
671,2024-12-01,GLA-DXB,Emirates,2024-12-01 20:00:00,427,398,True,False,14,EKGLADXB2000,2024-12
672,2024-12-02,EDI-DXB,Emirates,2024-12-02 14:00:00,259,220,False,False,16,EKEDIDXB1400,2024-12
673,2024-12-02,GLA-DXB,Emirates,2024-12-02 20:00:00,427,362,False,False,31,EKGLADXB2000,2024-12
674,2024-12-03,EDI-DXB,Emirates,2024-12-03 14:00:00,259,232,False,False,24,EKEDIDXB1400,2024-12
675,2024-12-03,GLA-DXB,Emirates,2024-12-03 20:00:00,427,341,False,False,28,EKGLADXB2000,2024-12
676,2024-12-04,EDI-DXB,Emirates,2024-12-04 14:00:00,259,229,False,False,19,EKEDIDXB1400,2024-12
677,2024-12-04,GLA-DXB,Emirates,2024-12-04 20:00:00,427,385,False,False,24,EKGLADXB2000,2024-12
678,2024-12-05,EDI-DXB,Emirates,2024-12-05 14:00:00,259,238,False,False,4,EKEDIDXB1400,2024-12
679,2024-12-05,GLA-DXB,Emirates,2024-12-05 20:00:00,427,374,False,False,32,EKGLADXB2000,2024-12
680,2024-12-06,EDI-DXB,Emirates,2024-12-06 14:00:00,259,218,False,False,3,EKEDIDXB1400,2024-12
681,2024-12-06,GLA-DXB,Emirates,2024-12-06 20:00:00,427,376,False,False,15,EKGLADXB2000,2024-12
682,2024-12-07,EDI-DXB,Emirates,2024-12-07 14:00:00,259,227,True,False,11,EKEDIDXB1400,2024-12
683,2024-12-07,GLA-DXB,Emirates,2024-12-07 20:00:00,427,385,True,False,27,EKGLADXB2000,2024-12
684,2024-12-08,EDI-DXB,Emirates,2024-12-08 14:00:00,259,236,True,False,34,EKEDIDXB1400,2024-12
685,2024-12-08,GLA-DXB,Emirates,2024-12-08 20:00:00,427,371,True,False,22,EKGLADXB2000,2024-12
686,2024-12-09,EDI-DXB,Emirates,2024-12-09 14:00:00,259,220,False,False,13,EKEDIDXB1400,2024-12
687,2024-12-09,GLA-DXB,Emirates,2024-12-09 20:00:00,427,372,False,False,13,EKGLADXB2000,2024-12
688,2024-12-10,EDI-DXB,Emirates,2024-12-10 14:00:00,259,230,False,False,23,EKEDIDXB1400,2024-12
689,2024-12-10,GLA-DXB,Emirates,2024-12-10 20:00:00,427,374,False,False,13,EKGLADXB2000,2024-12
690,2024-12-11,EDI-DXB,Emirates,2024-12-11 14:00:00,259,219,False,False,18,EKEDIDXB1400,2024-12
691,2024-12-11,GLA-DXB,Emirates,2024-12-11 20:00:00,427,389,False,False,20,EKGLADXB2000,2024-12
692,2024-12-12,EDI-DXB,Emirates,2024-12-12 14:00:00,259,224,False,False,29,EKEDIDXB1400,2024-12
693,2024-12-12,GLA-DXB,Emirates,2024-12-12 20:00:00,427,375,False,False,21,EKGLADXB2000,2024-12
694,2024-12-13,EDI-DXB,Emirates,2024-12-13 14:00:00,259,222,False,False,17,EKEDIDXB1400,2024-12
695,2024-12-13,GLA-DXB,Emirates,2024-12-13 20:00:00,427,368,False,False,16,EKGLADXB2000,2024-12
696,2024-12-14,EDI-DXB,Emirates,2024-12-14 14:00:00,259,224,True,False,18,EKEDIDXB1400,2024-12
697,2024-12-14,GLA-DXB,Emirates,2024-12-14 20:00:00,427,395,True,False,14,EKGLADXB2000,2024-12
698,2024-12-15,EDI-DXB,Emirates,2024-12-15 14:00:00,259,233,True,False,23,EKEDIDXB1400,2024-12
699,2024-12-15,GLA-DXB,Emirates,2024-12-15 20:00:00,427,388,True,False,13,EKGLADXB2000,2024-12
700,2024-12-16,EDI-DXB,Emirates,2024-12-16 14:00:00,259,216,False,False,19,EKEDIDXB1400,2024-12
701,2024-12-16,GLA-DXB,Emirates,2024-12-16 20:00:00,427,384,False,False,11,EKGLADXB2000,2024-12
702,2024-12-17,EDI-DXB,Emirates,2024-12-17 14:00:00,259,226,False,False,15,EKEDIDXB1400,2024-12
703,2024-12-17,GLA-DXB,Emirates,2024-12-17 20:00:00,427,395,False,False,21,EKGLADXB2000,2024-12
704,2024-12-18,EDI-DXB,Emirates,2024-12-18 14:00:00,259,224,False,False,8,EKEDIDXB1400,2024-12
705,2024-12-18,GLA-DXB,Emirates,2024-12-18 20:00:00,427,388,False,False,22,EKGLADXB2000,2024-12
706,2024-12-19,EDI-DXB,Emirates,2024-12-19 14:00:00,259,226,False,False,17,EKEDIDXB1400,2024-12
707,2024-12-19,GLA-DXB,Emirates,2024-12-19 20:00:00,427,389,False,False,33,EKGLADXB2000,2024-12
708,2024-12-20,EDI-DXB,Emirates,2024-12-20 14:00:00,259,234,False,True,24,EKEDIDXB1400,2024-12
709,2024-12-20,GLA-DXB,Emirates,2024-12-20 20:00:00,427,377,False,True,48,EKGLADXB2000,2024-12
710,2024-12-21,EDI-DXB,Emirates,2024-12-21 14:00:00,259,233,True,True,38,EKEDIDXB1400,2024-12
711,2024-12-21,GLA-DXB,Emirates,2024-12-21 20:00:00,427,371,True,True,36,EKGLADXB2000,2024-12
712,2024-12-22,EDI-DXB,Emirates,2024-12-22 14:00:00,259,215,True,True,33,EKEDIDXB1400,2024-12
713,2024-12-22,GLA-DXB,Emirates,2024-12-22 20:00:00,427,368,True,True,35,EKGLADXB2000,2024-12
714,2024-12-23,EDI-DXB,Emirates,2024-12-23 14:00:00,259,221,False,True,27,EKEDIDXB1400,2024-12
715,2024-12-23,GLA-DXB,Emirates,2024-12-23 20:00:00,427,393,False,True,48,EKGLADXB2000,2024-12
716,2024-12-24,EDI-DXB,Emirates,2024-12-24 14:00:00,259,224,False,True,36,EKEDIDXB1400,2024-12
717,2024-12-24,GLA-DXB,Emirates,2024-12-24 20:00:00,427,362,False,True,30,EKGLADXB2000,2024-12
718,2024-12-25,EDI-DXB,Emirates,2024-12-25 14:00:00,259,231,False,True,24,EKEDIDXB1400,2024-12
719,2024-12-25,GLA-DXB,Emirates,2024-12-25 20:00:00,427,365,False,True,42,EKGLADXB2000,2024-12
720,2024-12-26,EDI-DXB,Emirates,2024-12-26 14:00:00,259,230,False,True,36,EKEDIDXB1400,2024-12
721,2024-12-26,GLA-DXB,Emirates,2024-12-26 20:00:00,427,359,False,True,31,EKGLADXB2000,2024-12
722,2024-12-27,EDI-DXB,Emirates,2024-12-27 14:00:00,259,226,False,True,25,EKEDIDXB1400,2024-12
723,2024-12-27,GLA-DXB,Emirates,2024-12-27 20:00:00,427,394,False,True,31,EKGLADXB2000,2024-12
724,2024-12-28,EDI-DXB,Emirates,2024-12-28 14:00:00,259,252,True,True,29,EKEDIDXB1400,2024-12
725,2024-12-28,GLA-DXB,Emirates,2024-12-28 20:00:00,427,392,True,True,43,EKGLADXB2000,2024-12
726,2024-12-29,EDI-DXB,Emirates,2024-12-29 14:00:00,259,252,True,True,46,EKEDIDXB1400,2024-12
727,2024-12-29,GLA-DXB,Emirates,2024-12-29 20:00:00,427,389,True,True,42,EKGLADXB2000,2024-12
728,2024-12-30,EDI-DXB,Emirates,2024-12-30 14:00:00,259,218,False,True,35,EKEDIDXB1400,2024-12
729,2024-12-30,GLA-DXB,Emirates,2024-12-30 20:00:00,427,373,False,True,35,EKGLADXB2000,2024-12
730,2024-12-31,EDI-DXB,Emirates,2024-12-31 14:00:00,259,224,False,True,20,EKEDIDXB1400,2024-12
731,2024-12-31,GLA-DXB,Emirates,2024-12-31 20:00:00,427,368,False,True,53,EKGLADXB2000,2024-12
732,2025-01-01,EDI-DXB,Emirates,2025-01-01 14:00:00,259,221,False,True,36,EKEDIDXB1400,2025-01
733,2025-01-01,GLA-DXB,Emirates,2025-01-01 20:00:00,427,375,False,True,29,EKGLADXB2000,2025-01
734,2025-01-02,EDI-DXB,Emirates,2025-01-02 14:00:00,259,233,False,True,31,EKEDIDXB1400,2025-01
735,2025-01-02,GLA-DXB,Emirates,2025-01-02 20:00:00,427,373,False,True,35,EKGLADXB2000,2025-01
736,2025-01-03,EDI-DXB,Emirates,2025-01-03 14:00:00,259,229,False,True,18,EKEDIDXB1400,2025-01
737,2025-01-03,GLA-DXB,Emirates,2025-01-03 20:00:00,427,374,False,True,40,EKGLADXB2000,2025-01
738,2025-01-04,EDI-DXB,Emirates,2025-01-04 14:00:00,259,237,True,True,24,EKEDIDXB1400,2025-01
739,2025-01-04,GLA-DXB,Emirates,2025-01-04 20:00:00,427,382,True,True,29,EKGLADXB2000,2025-01
740,2025-01-05,EDI-DXB,Emirates,2025-01-05 14:00:00,259,228,True,True,16,EKEDIDXB1400,2025-01
741,2025-01-05,GLA-DXB,Emirates,2025-01-05 20:00:00,427,372,True,True,26,EKGLADXB2000,2025-01
742,2025-01-06,EDI-DXB,Emirates,2025-01-06 14:00:00,259,225,False,False,17,EKEDIDXB1400,2025-01
743,2025-01-06,GLA-DXB,Emirates,2025-01-06 20:00:00,427,364,False,False,37,EKGLADXB2000,2025-01
744,2025-01-07,EDI-DXB,Emirates,2025-01-07 14:00:00,259,231,False,False,24,EKEDIDXB1400,2025-01
745,2025-01-07,GLA-DXB,Emirates,2025-01-07 20:00:00,427,371,False,False,28,EKGLADXB2000,2025-01
746,2025-01-08,EDI-DXB,Emirates,2025-01-08 14:00:00,259,224,False,False,8,EKEDIDXB1400,2025-01
747,2025-01-08,GLA-DXB,Emirates,2025-01-08 20:00:00,427,390,False,False,20,EKGLADXB2000,2025-01
748,2025-01-09,EDI-DXB,Emirates,2025-01-09 14:00:00,259,222,False,False,12,EKEDIDXB1400,2025-01
749,2025-01-09,GLA-DXB,Emirates,2025-01-09 20:00:00,427,368,False,False,23,EKGLADXB2000,2025-01
750,2025-01-10,EDI-DXB,Emirates,2025-01-10 14:00:00,259,220,False,False,17,EKEDIDXB1400,2025-01
751,2025-01-10,GLA-DXB,Emirates,2025-01-10 20:00:00,427,358,False,False,26,EKGLADXB2000,2025-01
752,2025-01-11,EDI-DXB,Emirates,2025-01-11 14:00:00,259,240,True,False,17,EKEDIDXB1400,2025-01
753,2025-01-11,GLA-DXB,Emirates,2025-01-11 20:00:00,427,379,True,False,23,EKGLADXB2000,2025-01
754,2025-01-12,EDI-DXB,Emirates,2025-01-12 14:00:00,259,240,True,False,10,EKEDIDXB1400,2025-01
755,2025-01-12,GLA-DXB,Emirates,2025-01-12 20:00:00,427,350,True,False,17,EKGLADXB2000,2025-01
756,2025-01-13,EDI-DXB,Emirates,2025-01-13 14:00:00,259,223,False,False,3,EKEDIDXB1400,2025-01
757,2025-01-13,GLA-DXB,Emirates,2025-01-13 20:00:00,427,361,False,False,4,EKGLADXB2000,2025-01
758,2025-01-14,EDI-DXB,Emirates,2025-01-14 14:00:00,259,241,False,False,12,EKEDIDXB1400,2025-01
759,2025-01-14,GLA-DXB,Emirates,2025-01-14 20:00:00,427,374,False,False,9,EKGLADXB2000,2025-01
760,2025-01-15,EDI-DXB,Emirates,2025-01-15 14:00:00,259,227,False,False,4,EKEDIDXB1400,2025-01
761,2025-01-15,GLA-DXB,Emirates,2025-01-15 20:00:00,427,360,False,False,27,EKGLADXB2000,2025-01
762,2025-01-16,EDI-DXB,Emirates,2025-01-16 14:00:00,259,219,False,False,20,EKEDIDXB1400,2025-01
763,2025-01-16,GLA-DXB,Emirates,2025-01-16 20:00:00,427,396,False,False,23,EKGLADXB2000,2025-01
764,2025-01-17,EDI-DXB,Emirates,2025-01-17 14:00:00,259,227,False,False,29,EKEDIDXB1400,2025-01
765,2025-01-17,GLA-DXB,Emirates,2025-01-17 20:00:00,427,371,False,False,29,EKGLADXB2000,2025-01
766,2025-01-18,EDI-DXB,Emirates,2025-01-18 14:00:00,259,234,True,False,8,EKEDIDXB1400,2025-01
767,2025-01-18,GLA-DXB,Emirates,2025-01-18 20:00:00,427,406,True,False,13,EKGLADXB2000,2025-01
768,2025-01-19,EDI-DXB,Emirates,2025-01-19 14:00:00,259,221,True,False,3,EKEDIDXB1400,2025-01
769,2025-01-19,GLA-DXB,Emirates,2025-01-19 20:00:00,427,358,True,False,23,EKGLADXB2000,2025-01
770,2025-01-20,EDI-DXB,Emirates,2025-01-20 14:00:00,259,216,False,False,15,EKEDIDXB1400,2025-01
771,2025-01-20,GLA-DXB,Emirates,2025-01-20 20:00:00,427,364,False,False,20,EKGLADXB2000,2025-01
772,2025-01-21,EDI-DXB,Emirates,2025-01-21 14:00:00,259,224,False,False,8,EKEDIDXB1400,2025-01
773,2025-01-21,GLA-DXB,Emirates,2025-01-21 20:00:00,427,397,False,False,24,EKGLADXB2000,2025-01
774,2025-01-22,EDI-DXB,Emirates,2025-01-22 14:00:00,259,228,False,False,13,EKEDIDXB1400,2025-01
775,2025-01-22,GLA-DXB,Emirates,2025-01-22 20:00:00,427,357,False,False,30,EKGLADXB2000,2025-01
776,2025-01-23,EDI-DXB,Emirates,2025-01-23 14:00:00,259,223,False,False,2,EKEDIDXB1400,2025-01
777,2025-01-23,GLA-DXB,Emirates,2025-01-23 20:00:00,427,374,False,False,11,EKGLADXB2000,2025-01
778,2025-01-24,EDI-DXB,Emirates,2025-01-24 14:00:00,259,223,False,False,25,EKEDIDXB1400,2025-01
779,2025-01-24,GLA-DXB,Emirates,2025-01-24 20:00:00,427,370,False,False,6,EKGLADXB2000,2025-01
780,2025-01-25,EDI-DXB,Emirates,2025-01-25 14:00:00,259,233,True,False,32,EKEDIDXB1400,2025-01
781,2025-01-25,GLA-DXB,Emirates,2025-01-25 20:00:00,427,390,True,False,31,EKGLADXB2000,2025-01
782,2025-01-26,EDI-DXB,Emirates,2025-01-26 14:00:00,259,231,True,False,22,EKEDIDXB1400,2025-01
783,2025-01-26,GLA-DXB,Emirates,2025-01-26 20:00:00,427,408,True,False,6,EKGLADXB2000,2025-01
784,2025-01-27,EDI-DXB,Emirates,2025-01-27 14:00:00,259,224,False,False,15,EKEDIDXB1400,2025-01
785,2025-01-27,GLA-DXB,Emirates,2025-01-27 20:00:00,427,379,False,False,25,EKGLADXB2000,2025-01
786,2025-01-28,EDI-DXB,Emirates,2025-01-28 14:00:00,259,225,False,False,20,EKEDIDXB1400,2025-01
787,2025-01-28,GLA-DXB,Emirates,2025-01-28 20:00:00,427,389,False,False,40,EKGLADXB2000,2025-01
788,2025-01-29,EDI-DXB,Emirates,2025-01-29 14:00:00,259,230,False,False,9,EKEDIDXB1400,2025-01
789,2025-01-29,GLA-DXB,Emirates,2025-01-29 20:00:00,427,387,False,False,15,EKGLADXB2000,2025-01
790,2025-01-30,EDI-DXB,Emirates,2025-01-30 14:00:00,259,238,False,False,23,EKEDIDXB1400,2025-01
791,2025-01-30,GLA-DXB,Emirates,2025-01-30 20:00:00,427,373,False,False,14,EKGLADXB2000,2025-01
792,2025-01-31,EDI-DXB,Emirates,2025-01-31 14:00:00,259,228,False,False,20,EKEDIDXB1400,2025-01
793,2025-01-31,GLA-DXB,Emirates,2025-01-31 20:00:00,427,358,False,False,37,EKGLADXB2000,2025-01
794,2025-02-01,EDI-DXB,Emirates,2025-02-01 14:00:00,259,244,True,False,19,EKEDIDXB1400,2025-02
795,2025-02-01,GLA-DXB,Emirates,2025-02-01 20:00:00,427,381,True,False,21,EKGLADXB2000,2025-02
796,2025-02-02,EDI-DXB,Emirates,2025-02-02 14:00:00,259,225,True,False,16,EKEDIDXB1400,2025-02
797,2025-02-02,GLA-DXB,Emirates,2025-02-02 20:00:00,427,376,True,False,19,EKGLADXB2000,2025-02
798,2025-02-03,EDI-DXB,Emirates,2025-02-03 14:00:00,259,214,False,False,23,EKEDIDXB1400,2025-02
799,2025-02-03,GLA-DXB,Emirates,2025-02-03 20:00:00,427,364,False,False,13,EKGLADXB2000,2025-02
800,2025-02-04,EDI-DXB,Emirates,2025-02-04 14:00:00,259,251,False,False,17,EKEDIDXB1400,2025-02
801,2025-02-04,GLA-DXB,Emirates,2025-02-04 20:00:00,427,389,False,False,19,EKGLADXB2000,2025-02
802,2025-02-05,EDI-DXB,Emirates,2025-02-05 14:00:00,259,225,False,False,17,EKEDIDXB1400,2025-02
803,2025-02-05,GLA-DXB,Emirates,2025-02-05 20:00:00,427,403,False,False,23,EKGLADXB2000,2025-02
804,2025-02-06,EDI-DXB,Emirates,2025-02-06 14:00:00,259,233,False,False,25,EKEDIDXB1400,2025-02
805,2025-02-06,GLA-DXB,Emirates,2025-02-06 20:00:00,427,403,False,False,33,EKGLADXB2000,2025-02
806,2025-02-07,EDI-DXB,Emirates,2025-02-07 14:00:00,259,232,False,False,5,EKEDIDXB1400,2025-02
807,2025-02-07,GLA-DXB,Emirates,2025-02-07 20:00:00,427,369,False,False,19,EKGLADXB2000,2025-02
808,2025-02-08,EDI-DXB,Emirates,2025-02-08 14:00:00,259,242,True,False,19,EKEDIDXB1400,2025-02
809,2025-02-08,GLA-DXB,Emirates,2025-02-08 20:00:00,427,386,True,False,19,EKGLADXB2000,2025-02
810,2025-02-09,EDI-DXB,Emirates,2025-02-09 14:00:00,259,228,True,False,26,EKEDIDXB1400,2025-02
811,2025-02-09,GLA-DXB,Emirates,2025-02-09 20:00:00,427,395,True,False,19,EKGLADXB2000,2025-02
812,2025-02-10,EDI-DXB,Emirates,2025-02-10 14:00:00,259,225,False,False,8,EKEDIDXB1400,2025-02
813,2025-02-10,GLA-DXB,Emirates,2025-02-10 20:00:00,427,354,False,False,10,EKGLADXB2000,2025-02
814,2025-02-11,EDI-DXB,Emirates,2025-02-11 14:00:00,259,216,False,False,4,EKEDIDXB1400,2025-02
815,2025-02-11,GLA-DXB,Emirates,2025-02-11 20:00:00,427,375,False,False,39,EKGLADXB2000,2025-02
816,2025-02-12,EDI-DXB,Emirates,2025-02-12 14:00:00,259,232,False,False,9,EKEDIDXB1400,2025-02
817,2025-02-12,GLA-DXB,Emirates,2025-02-12 20:00:00,427,379,False,False,32,EKGLADXB2000,2025-02
818,2025-02-13,EDI-DXB,Emirates,2025-02-13 14:00:00,259,228,False,False,6,EKEDIDXB1400,2025-02
819,2025-02-13,GLA-DXB,Emirates,2025-02-13 20:00:00,427,390,False,False,22,EKGLADXB2000,2025-02
820,2025-02-14,EDI-DXB,Emirates,2025-02-14 14:00:00,259,228,False,False,7,EKEDIDXB1400,2025-02
821,2025-02-14,GLA-DXB,Emirates,2025-02-14 20:00:00,427,373,False,False,33,EKGLADXB2000,2025-02
822,2025-02-15,EDI-DXB,Emirates,2025-02-15 14:00:00,259,235,True,False,24,EKEDIDXB1400,2025-02
823,2025-02-15,GLA-DXB,Emirates,2025-02-15 20:00:00,427,377,True,False,40,EKGLADXB2000,2025-02
824,2025-02-16,EDI-DXB,Emirates,2025-02-16 14:00:00,259,246,True,False,24,EKEDIDXB1400,2025-02
825,2025-02-16,GLA-DXB,Emirates,2025-02-16 20:00:00,427,378,True,False,24,EKGLADXB2000,2025-02
826,2025-02-17,EDI-DXB,Emirates,2025-02-17 14:00:00,259,231,False,False,10,EKEDIDXB1400,2025-02
827,2025-02-17,GLA-DXB,Emirates,2025-02-17 20:00:00,427,398,False,False,21,EKGLADXB2000,2025-02
828,2025-02-18,EDI-DXB,Emirates,2025-02-18 14:00:00,259,221,False,False,6,EKEDIDXB1400,2025-02
829,2025-02-18,GLA-DXB,Emirates,2025-02-18 20:00:00,427,395,False,False,11,EKGLADXB2000,2025-02
830,2025-02-19,EDI-DXB,Emirates,2025-02-19 14:00:00,259,238,False,False,14,EKEDIDXB1400,2025-02
831,2025-02-19,GLA-DXB,Emirates,2025-02-19 20:00:00,427,392,False,False,31,EKGLADXB2000,2025-02
832,2025-02-20,EDI-DXB,Emirates,2025-02-20 14:00:00,259,235,False,False,14,EKEDIDXB1400,2025-02
833,2025-02-20,GLA-DXB,Emirates,2025-02-20 20:00:00,427,380,False,False,16,EKGLADXB2000,2025-02
834,2025-02-21,EDI-DXB,Emirates,2025-02-21 14:00:00,259,242,False,False,25,EKEDIDXB1400,2025-02
835,2025-02-21,GLA-DXB,Emirates,2025-02-21 20:00:00,427,380,False,False,14,EKGLADXB2000,2025-02
836,2025-02-22,EDI-DXB,Emirates,2025-02-22 14:00:00,259,233,True,False,16,EKEDIDXB1400,2025-02
837,2025-02-22,GLA-DXB,Emirates,2025-02-22 20:00:00,427,371,True,False,24,EKGLADXB2000,2025-02
838,2025-02-23,EDI-DXB,Emirates,2025-02-23 14:00:00,259,224,True,False,24,EKEDIDXB1400,2025-02
839,2025-02-23,GLA-DXB,Emirates,2025-02-23 20:00:00,427,394,True,False,13,EKGLADXB2000,2025-02
840,2025-02-24,EDI-DXB,Emirates,2025-02-24 14:00:00,259,228,False,False,26,EKEDIDXB1400,2025-02
841,2025-02-24,GLA-DXB,Emirates,2025-02-24 20:00:00,427,373,False,False,27,EKGLADXB2000,2025-02
842,2025-02-25,EDI-DXB,Emirates,2025-02-25 14:00:00,259,242,False,False,12,EKEDIDXB1400,2025-02
843,2025-02-25,GLA-DXB,Emirates,2025-02-25 20:00:00,427,379,False,False,19,EKGLADXB2000,2025-02
844,2025-02-26,EDI-DXB,Emirates,2025-02-26 14:00:00,259,220,False,False,13,EKEDIDXB1400,2025-02
845,2025-02-26,GLA-DXB,Emirates,2025-02-26 20:00:00,427,369,False,False,29,EKGLADXB2000,2025-02
846,2025-02-27,EDI-DXB,Emirates,2025-02-27 14:00:00,259,222,False,False,29,EKEDIDXB1400,2025-02
847,2025-02-27,GLA-DXB,Emirates,2025-02-27 20:00:00,427,395,False,False,24,EKGLADXB2000,2025-02
848,2025-02-28,EDI-DXB,Emirates,2025-02-28 14:00:00,259,219,False,False,8,EKEDIDXB1400,2025-02
849,2025-02-28,GLA-DXB,Emirates,2025-02-28 20:00:00,427,360,False,False,25,EKGLADXB2000,2025-02
850,2025-03-01,EDI-DXB,Emirates,2025-03-01 14:00:00,259,231,True,False,31,EKEDIDXB1400,2025-03
851,2025-03-01,GLA-DXB,Emirates,2025-03-01 20:00:00,427,382,True,False,29,EKGLADXB2000,2025-03
852,2025-03-02,EDI-DXB,Emirates,2025-03-02 14:00:00,259,233,True,False,22,EKEDIDXB1400,2025-03
853,2025-03-02,GLA-DXB,Emirates,2025-03-02 20:00:00,427,370,True,False,24,EKGLADXB2000,2025-03
854,2025-03-03,EDI-DXB,Emirates,2025-03-03 14:00:00,259,214,False,False,2,EKEDIDXB1400,2025-03
855,2025-03-03,GLA-DXB,Emirates,2025-03-03 20:00:00,427,376,False,False,31,EKGLADXB2000,2025-03
856,2025-03-04,EDI-DXB,Emirates,2025-03-04 14:00:00,259,230,False,False,24,EKEDIDXB1400,2025-03
857,2025-03-04,GLA-DXB,Emirates,2025-03-04 20:00:00,427,401,False,False,28,EKGLADXB2000,2025-03
858,2025-03-05,EDI-DXB,Emirates,2025-03-05 14:00:00,259,233,False,False,23,EKEDIDXB1400,2025-03
859,2025-03-05,GLA-DXB,Emirates,2025-03-05 20:00:00,427,374,False,False,16,EKGLADXB2000,2025-03
860,2025-03-06,EDI-DXB,Emirates,2025-03-06 14:00:00,259,219,False,False,18,EKEDIDXB1400,2025-03
861,2025-03-06,GLA-DXB,Emirates,2025-03-06 20:00:00,427,382,False,False,25,EKGLADXB2000,2025-03
862,2025-03-07,EDI-DXB,Emirates,2025-03-07 14:00:00,259,215,False,False,10,EKEDIDXB1400,2025-03
863,2025-03-07,GLA-DXB,Emirates,2025-03-07 20:00:00,427,383,False,False,13,EKGLADXB2000,2025-03
864,2025-03-08,EDI-DXB,Emirates,2025-03-08 14:00:00,259,237,True,False,10,EKEDIDXB1400,2025-03
865,2025-03-08,GLA-DXB,Emirates,2025-03-08 20:00:00,427,376,True,False,12,EKGLADXB2000,2025-03
866,2025-03-09,EDI-DXB,Emirates,2025-03-09 14:00:00,259,221,True,False,11,EKEDIDXB1400,2025-03
867,2025-03-09,GLA-DXB,Emirates,2025-03-09 20:00:00,427,374,True,False,14,EKGLADXB2000,2025-03
868,2025-03-10,EDI-DXB,Emirates,2025-03-10 14:00:00,259,227,False,False,13,EKEDIDXB1400,2025-03
869,2025-03-10,GLA-DXB,Emirates,2025-03-10 20:00:00,427,362,False,False,18,EKGLADXB2000,2025-03
870,2025-03-11,EDI-DXB,Emirates,2025-03-11 14:00:00,259,234,False,False,1,EKEDIDXB1400,2025-03
871,2025-03-11,GLA-DXB,Emirates,2025-03-11 20:00:00,427,373,False,False,32,EKGLADXB2000,2025-03
872,2025-03-12,EDI-DXB,Emirates,2025-03-12 14:00:00,259,213,False,False,5,EKEDIDXB1400,2025-03
873,2025-03-12,GLA-DXB,Emirates,2025-03-12 20:00:00,427,379,False,False,7,EKGLADXB2000,2025-03
874,2025-03-13,EDI-DXB,Emirates,2025-03-13 14:00:00,259,218,False,False,21,EKEDIDXB1400,2025-03
875,2025-03-13,GLA-DXB,Emirates,2025-03-13 20:00:00,427,364,False,False,25,EKGLADXB2000,2025-03
876,2025-03-14,EDI-DXB,Emirates,2025-03-14 14:00:00,259,241,False,False,6,EKEDIDXB1400,2025-03
877,2025-03-14,GLA-DXB,Emirates,2025-03-14 20:00:00,427,384,False,False,12,EKGLADXB2000,2025-03
878,2025-03-15,EDI-DXB,Emirates,2025-03-15 14:00:00,259,235,True,False,29,EKEDIDXB1400,2025-03
879,2025-03-15,GLA-DXB,Emirates,2025-03-15 20:00:00,427,377,True,False,15,EKGLADXB2000,2025-03
880,2025-03-16,EDI-DXB,Emirates,2025-03-16 14:00:00,259,226,True,False,12,EKEDIDXB1400,2025-03
881,2025-03-16,GLA-DXB,Emirates,2025-03-16 20:00:00,427,407,True,False,29,EKGLADXB2000,2025-03
882,2025-03-17,EDI-DXB,Emirates,2025-03-17 14:00:00,259,218,False,False,8,EKEDIDXB1400,2025-03
883,2025-03-17,GLA-DXB,Emirates,2025-03-17 20:00:00,427,370,False,False,14,EKGLADXB2000,2025-03
884,2025-03-18,EDI-DXB,Emirates,2025-03-18 14:00:00,259,230,False,False,16,EKEDIDXB1400,2025-03
885,2025-03-18,GLA-DXB,Emirates,2025-03-18 20:00:00,427,378,False,False,14,EKGLADXB2000,2025-03
886,2025-03-19,EDI-DXB,Emirates,2025-03-19 14:00:00,259,241,False,False,10,EKEDIDXB1400,2025-03
887,2025-03-19,GLA-DXB,Emirates,2025-03-19 20:00:00,427,384,False,False,32,EKGLADXB2000,2025-03
888,2025-03-20,EDI-DXB,Emirates,2025-03-20 14:00:00,259,217,False,False,9,EKEDIDXB1400,2025-03
889,2025-03-20,GLA-DXB,Emirates,2025-03-20 20:00:00,427,378,False,False,20,EKGLADXB2000,2025-03
890,2025-03-21,EDI-DXB,Emirates,2025-03-21 14:00:00,259,230,False,False,13,EKEDIDXB1400,2025-03
891,2025-03-21,GLA-DXB,Emirates,2025-03-21 20:00:00,427,391,False,False,8,EKGLADXB2000,2025-03
892,2025-03-22,EDI-DXB,Emirates,2025-03-22 14:00:00,259,231,True,False,19,EKEDIDXB1400,2025-03
893,2025-03-22,GLA-DXB,Emirates,2025-03-22 20:00:00,427,377,True,False,11,EKGLADXB2000,2025-03
894,2025-03-23,EDI-DXB,Emirates,2025-03-23 14:00:00,259,229,True,False,10,EKEDIDXB1400,2025-03
895,2025-03-23,GLA-DXB,Emirates,2025-03-23 20:00:00,427,391,True,False,19,EKGLADXB2000,2025-03
896,2025-03-24,EDI-DXB,Emirates,2025-03-24 14:00:00,259,226,False,False,6,EKEDIDXB1400,2025-03
897,2025-03-24,GLA-DXB,Emirates,2025-03-24 20:00:00,427,374,False,False,27,EKGLADXB2000,2025-03
898,2025-03-25,EDI-DXB,Emirates,2025-03-25 14:00:00,259,220,False,False,11,EKEDIDXB1400,2025-03
899,2025-03-25,GLA-DXB,Emirates,2025-03-25 20:00:00,427,385,False,False,10,EKGLADXB2000,2025-03
900,2025-03-26,EDI-DXB,Emirates,2025-03-26 14:00:00,259,226,False,False,9,EKEDIDXB1400,2025-03
901,2025-03-26,GLA-DXB,Emirates,2025-03-26 20:00:00,427,371,False,False,16,EKGLADXB2000,2025-03
902,2025-03-27,EDI-DXB,Emirates,2025-03-27 14:00:00,259,223,False,False,15,EKEDIDXB1400,2025-03
903,2025-03-27,GLA-DXB,Emirates,2025-03-27 20:00:00,427,372,False,False,19,EKGLADXB2000,2025-03
904,2025-03-28,EDI-DXB,Emirates,2025-03-28 14:00:00,259,231,False,False,7,EKEDIDXB1400,2025-03
905,2025-03-28,GLA-DXB,Emirates,2025-03-28 20:00:00,427,354,False,False,24,EKGLADXB2000,2025-03
906,2025-03-29,EDI-DXB,Emirates,2025-03-29 14:00:00,259,232,True,False,12,EKEDIDXB1400,2025-03
907,2025-03-29,GLA-DXB,Emirates,2025-03-29 20:00:00,427,411,True,False,33,EKGLADXB2000,2025-03
908,2025-03-30,EDI-DXB,Emirates,2025-03-30 14:00:00,259,247,True,False,23,EKEDIDXB1400,2025-03
909,2025-03-30,GLA-DXB,Emirates,2025-03-30 20:00:00,427,391,True,False,18,EKGLADXB2000,2025-03
910,2025-03-31,EDI-DXB,Emirates,2025-03-31 14:00:00,259,216,False,False,25,EKEDIDXB1400,2025-03
911,2025-03-31,GLA-DXB,Emirates,2025-03-31 20:00:00,427,369,False,False,25,EKGLADXB2000,2025-03
912,2025-04-01,EDI-DXB,Emirates,2025-04-01 14:00:00,259,229,False,False,3,EKEDIDXB1400,2025-04
913,2025-04-01,GLA-DXB,Emirates,2025-04-01 20:00:00,427,375,False,False,22,EKGLADXB2000,2025-04
914,2025-04-02,EDI-DXB,Emirates,2025-04-02 14:00:00,259,225,False,False,20,EKEDIDXB1400,2025-04
915,2025-04-02,GLA-DXB,Emirates,2025-04-02 20:00:00,427,365,False,False,19,EKGLADXB2000,2025-04
916,2025-04-03,EDI-DXB,Emirates,2025-04-03 14:00:00,259,243,False,False,9,EKEDIDXB1400,2025-04
917,2025-04-03,GLA-DXB,Emirates,2025-04-03 20:00:00,427,350,False,False,34,EKGLADXB2000,2025-04
918,2025-04-04,EDI-DXB,Emirates,2025-04-04 14:00:00,259,216,False,False,13,EKEDIDXB1400,2025-04
919,2025-04-04,GLA-DXB,Emirates,2025-04-04 20:00:00,427,379,False,False,28,EKGLADXB2000,2025-04
920,2025-04-05,EDI-DXB,Emirates,2025-04-05 14:00:00,259,241,True,False,9,EKEDIDXB1400,2025-04
921,2025-04-05,GLA-DXB,Emirates,2025-04-05 20:00:00,427,381,True,False,26,EKGLADXB2000,2025-04
922,2025-04-06,EDI-DXB,Emirates,2025-04-06 14:00:00,259,217,True,False,18,EKEDIDXB1400,2025-04
923,2025-04-06,GLA-DXB,Emirates,2025-04-06 20:00:00,427,413,True,False,24,EKGLADXB2000,2025-04
924,2025-04-07,EDI-DXB,Emirates,2025-04-07 14:00:00,259,216,False,True,34,EKEDIDXB1400,2025-04
925,2025-04-07,GLA-DXB,Emirates,2025-04-07 20:00:00,427,361,False,True,31,EKGLADXB2000,2025-04
926,2025-04-08,EDI-DXB,Emirates,2025-04-08 14:00:00,259,244,False,True,29,EKEDIDXB1400,2025-04
927,2025-04-08,GLA-DXB,Emirates,2025-04-08 20:00:00,427,385,False,True,36,EKGLADXB2000,2025-04
928,2025-04-09,EDI-DXB,Emirates,2025-04-09 14:00:00,259,229,False,True,30,EKEDIDXB1400,2025-04
929,2025-04-09,GLA-DXB,Emirates,2025-04-09 20:00:00,427,364,False,True,35,EKGLADXB2000,2025-04
930,2025-04-10,EDI-DXB,Emirates,2025-04-10 14:00:00,259,213,False,True,39,EKEDIDXB1400,2025-04
931,2025-04-10,GLA-DXB,Emirates,2025-04-10 20:00:00,427,380,False,True,31,EKGLADXB2000,2025-04
932,2025-04-11,EDI-DXB,Emirates,2025-04-11 14:00:00,259,217,False,True,16,EKEDIDXB1400,2025-04
933,2025-04-11,GLA-DXB,Emirates,2025-04-11 20:00:00,427,377,False,True,50,EKGLADXB2000,2025-04
934,2025-04-12,EDI-DXB,Emirates,2025-04-12 14:00:00,259,245,True,True,24,EKEDIDXB1400,2025-04
935,2025-04-12,GLA-DXB,Emirates,2025-04-12 20:00:00,427,384,True,True,41,EKGLADXB2000,2025-04
936,2025-04-13,EDI-DXB,Emirates,2025-04-13 14:00:00,259,219,True,True,12,EKEDIDXB1400,2025-04
937,2025-04-13,GLA-DXB,Emirates,2025-04-13 20:00:00,427,403,True,True,27,EKGLADXB2000,2025-04
938,2025-04-14,EDI-DXB,Emirates,2025-04-14 14:00:00,259,219,False,True,43,EKEDIDXB1400,2025-04
939,2025-04-14,GLA-DXB,Emirates,2025-04-14 20:00:00,427,387,False,True,35,EKGLADXB2000,2025-04
940,2025-04-15,EDI-DXB,Emirates,2025-04-15 14:00:00,259,219,False,True,43,EKEDIDXB1400,2025-04
941,2025-04-15,GLA-DXB,Emirates,2025-04-15 20:00:00,427,384,False,True,63,EKGLADXB2000,2025-04
942,2025-04-16,EDI-DXB,Emirates,2025-04-16 14:00:00,259,218,False,True,38,EKEDIDXB1400,2025-04
943,2025-04-16,GLA-DXB,Emirates,2025-04-16 20:00:00,427,397,False,True,33,EKGLADXB2000,2025-04
944,2025-04-17,EDI-DXB,Emirates,2025-04-17 14:00:00,259,229,False,True,31,EKEDIDXB1400,2025-04
945,2025-04-17,GLA-DXB,Emirates,2025-04-17 20:00:00,427,380,False,True,36,EKGLADXB2000,2025-04
946,2025-04-18,EDI-DXB,Emirates,2025-04-18 14:00:00,259,246,False,True,11,EKEDIDXB1400,2025-04
947,2025-04-18,GLA-DXB,Emirates,2025-04-18 20:00:00,427,365,False,True,45,EKGLADXB2000,2025-04
948,2025-04-19,EDI-DXB,Emirates,2025-04-19 14:00:00,259,232,True,False,10,EKEDIDXB1400,2025-04
949,2025-04-19,GLA-DXB,Emirates,2025-04-19 20:00:00,427,375,True,False,14,EKGLADXB2000,2025-04
950,2025-04-20,EDI-DXB,Emirates,2025-04-20 14:00:00,259,234,True,False,19,EKEDIDXB1400,2025-04
951,2025-04-20,GLA-DXB,Emirates,2025-04-20 20:00:00,427,394,True,False,14,EKGLADXB2000,2025-04
952,2025-04-21,EDI-DXB,Emirates,2025-04-21 14:00:00,259,223,False,False,14,EKEDIDXB1400,2025-04
953,2025-04-21,GLA-DXB,Emirates,2025-04-21 20:00:00,427,377,False,False,38,EKGLADXB2000,2025-04
954,2025-04-22,EDI-DXB,Emirates,2025-04-22 14:00:00,259,226,False,False,18,EKEDIDXB1400,2025-04
955,2025-04-22,GLA-DXB,Emirates,2025-04-22 20:00:00,427,369,False,False,18,EKGLADXB2000,2025-04
956,2025-04-23,EDI-DXB,Emirates,2025-04-23 14:00:00,259,246,False,False,28,EKEDIDXB1400,2025-04
957,2025-04-23,GLA-DXB,Emirates,2025-04-23 20:00:00,427,383,False,False,9,EKGLADXB2000,2025-04
958,2025-04-24,EDI-DXB,Emirates,2025-04-24 14:00:00,259,214,False,False,11,EKEDIDXB1400,2025-04
959,2025-04-24,GLA-DXB,Emirates,2025-04-24 20:00:00,427,375,False,False,18,EKGLADXB2000,2025-04
960,2025-04-25,EDI-DXB,Emirates,2025-04-25 14:00:00,259,217,False,False,17,EKEDIDXB1400,2025-04
961,2025-04-25,GLA-DXB,Emirates,2025-04-25 20:00:00,427,399,False,False,5,EKGLADXB2000,2025-04
962,2025-04-26,EDI-DXB,Emirates,2025-04-26 14:00:00,259,225,True,False,24,EKEDIDXB1400,2025-04
963,2025-04-26,GLA-DXB,Emirates,2025-04-26 20:00:00,427,397,True,False,27,EKGLADXB2000,2025-04
964,2025-04-27,EDI-DXB,Emirates,2025-04-27 14:00:00,259,256,True,False,11,EKEDIDXB1400,2025-04
965,2025-04-27,GLA-DXB,Emirates,2025-04-27 20:00:00,427,397,True,False,16,EKGLADXB2000,2025-04
966,2025-04-28,EDI-DXB,Emirates,2025-04-28 14:00:00,259,227,False,False,8,EKEDIDXB1400,2025-04
967,2025-04-28,GLA-DXB,Emirates,2025-04-28 20:00:00,427,397,False,False,4,EKGLADXB2000,2025-04
968,2025-04-29,EDI-DXB,Emirates,2025-04-29 14:00:00,259,231,False,False,6,EKEDIDXB1400,2025-04
969,2025-04-29,GLA-DXB,Emirates,2025-04-29 20:00:00,427,381,False,False,13,EKGLADXB2000,2025-04
970,2025-04-30,EDI-DXB,Emirates,2025-04-30 14:00:00,259,225,False,False,3,EKEDIDXB1400,2025-04
971,2025-04-30,GLA-DXB,Emirates,2025-04-30 20:00:00,427,387,False,False,21,EKGLADXB2000,2025-04
972,2025-05-01,EDI-DXB,Emirates,2025-05-01 14:00:00,259,226,False,False,22,EKEDIDXB1400,2025-05
973,2025-05-01,GLA-DXB,Emirates,2025-05-01 20:00:00,427,359,False,False,29,EKGLADXB2000,2025-05
974,2025-05-02,EDI-DXB,Emirates,2025-05-02 14:00:00,259,225,False,False,18,EKEDIDXB1400,2025-05
975,2025-05-02,GLA-DXB,Emirates,2025-05-02 20:00:00,427,372,False,False,11,EKGLADXB2000,2025-05
976,2025-05-03,EDI-DXB,Emirates,2025-05-03 14:00:00,259,235,True,False,27,EKEDIDXB1400,2025-05
977,2025-05-03,GLA-DXB,Emirates,2025-05-03 20:00:00,427,394,True,False,34,EKGLADXB2000,2025-05
978,2025-05-04,EDI-DXB,Emirates,2025-05-04 14:00:00,259,235,True,False,22,EKEDIDXB1400,2025-05
979,2025-05-04,GLA-DXB,Emirates,2025-05-04 20:00:00,427,391,True,False,28,EKGLADXB2000,2025-05
980,2025-05-05,EDI-DXB,Emirates,2025-05-05 14:00:00,259,234,False,False,8,EKEDIDXB1400,2025-05
981,2025-05-05,GLA-DXB,Emirates,2025-05-05 20:00:00,427,379,False,False,26,EKGLADXB2000,2025-05
982,2025-05-06,EDI-DXB,Emirates,2025-05-06 14:00:00,259,224,False,False,11,EKEDIDXB1400,2025-05
983,2025-05-06,GLA-DXB,Emirates,2025-05-06 20:00:00,427,401,False,False,18,EKGLADXB2000,2025-05
984,2025-05-07,EDI-DXB,Emirates,2025-05-07 14:00:00,259,229,False,False,19,EKEDIDXB1400,2025-05
985,2025-05-07,GLA-DXB,Emirates,2025-05-07 20:00:00,427,394,False,False,10,EKGLADXB2000,2025-05
986,2025-05-08,EDI-DXB,Emirates,2025-05-08 14:00:00,259,232,False,False,23,EKEDIDXB1400,2025-05
987,2025-05-08,GLA-DXB,Emirates,2025-05-08 20:00:00,427,366,False,False,35,EKGLADXB2000,2025-05
988,2025-05-09,EDI-DXB,Emirates,2025-05-09 14:00:00,259,219,False,False,26,EKEDIDXB1400,2025-05
989,2025-05-09,GLA-DXB,Emirates,2025-05-09 20:00:00,427,360,False,False,22,EKGLADXB2000,2025-05
990,2025-05-10,EDI-DXB,Emirates,2025-05-10 14:00:00,259,234,True,False,27,EKEDIDXB1400,2025-05
991,2025-05-10,GLA-DXB,Emirates,2025-05-10 20:00:00,427,386,True,False,26,EKGLADXB2000,2025-05
992,2025-05-11,EDI-DXB,Emirates,2025-05-11 14:00:00,259,239,True,False,1,EKEDIDXB1400,2025-05
993,2025-05-11,GLA-DXB,Emirates,2025-05-11 20:00:00,427,381,True,False,39,EKGLADXB2000,2025-05
994,2025-05-12,EDI-DXB,Emirates,2025-05-12 14:00:00,259,232,False,False,7,EKEDIDXB1400,2025-05
995,2025-05-12,GLA-DXB,Emirates,2025-05-12 20:00:00,427,356,False,False,21,EKGLADXB2000,2025-05
996,2025-05-13,EDI-DXB,Emirates,2025-05-13 14:00:00,259,222,False,False,28,EKEDIDXB1400,2025-05
997,2025-05-13,GLA-DXB,Emirates,2025-05-13 20:00:00,427,390,False,False,15,EKGLADXB2000,2025-05
998,2025-05-14,EDI-DXB,Emirates,2025-05-14 14:00:00,259,218,False,False,5,EKEDIDXB1400,2025-05
999,2025-05-14,GLA-DXB,Emirates,2025-05-14 20:00:00,427,361,False,False,14,EKGLADXB2000,2025-05
1000,2025-05-15,EDI-DXB,Emirates,2025-05-15 14:00:00,259,222,False,False,9,EKEDIDXB1400,2025-05
1001,2025-05-15,GLA-DXB,Emirates,2025-05-15 20:00:00,427,403,False,False,23,EKGLADXB2000,2025-05
1002,2025-05-16,EDI-DXB,Emirates,2025-05-16 14:00:00,259,229,False,False,7,EKEDIDXB1400,2025-05
1003,2025-05-16,GLA-DXB,Emirates,2025-05-16 20:00:00,427,390,False,False,12,EKGLADXB2000,2025-05
1004,2025-05-17,EDI-DXB,Emirates,2025-05-17 14:00:00,259,221,True,False,22,EKEDIDXB1400,2025-05
1005,2025-05-17,GLA-DXB,Emirates,2025-05-17 20:00:00,427,392,True,False,14,EKGLADXB2000,2025-05
1006,2025-05-18,EDI-DXB,Emirates,2025-05-18 14:00:00,259,239,True,False,25,EKEDIDXB1400,2025-05
1007,2025-05-18,GLA-DXB,Emirates,2025-05-18 20:00:00,427,396,True,False,13,EKGLADXB2000,2025-05
1008,2025-05-19,EDI-DXB,Emirates,2025-05-19 14:00:00,259,237,False,False,15,EKEDIDXB1400,2025-05
1009,2025-05-19,GLA-DXB,Emirates,2025-05-19 20:00:00,427,388,False,False,22,EKGLADXB2000,2025-05
1010,2025-05-20,EDI-DXB,Emirates,2025-05-20 14:00:00,259,232,False,False,20,EKEDIDXB1400,2025-05
1011,2025-05-20,GLA-DXB,Emirates,2025-05-20 20:00:00,427,366,False,False,17,EKGLADXB2000,2025-05
1012,2025-05-21,EDI-DXB,Emirates,2025-05-21 14:00:00,259,226,False,False,7,EKEDIDXB1400,2025-05
1013,2025-05-21,GLA-DXB,Emirates,2025-05-21 20:00:00,427,372,False,False,17,EKGLADXB2000,2025-05
1014,2025-05-22,EDI-DXB,Emirates,2025-05-22 14:00:00,259,232,False,False,23,EKEDIDXB1400,2025-05
1015,2025-05-22,GLA-DXB,Emirates,2025-05-22 20:00:00,427,359,False,False,20,EKGLADXB2000,2025-05
1016,2025-05-23,EDI-DXB,Emirates,2025-05-23 14:00:00,259,231,False,False,19,EKEDIDXB1400,2025-05
1017,2025-05-23,GLA-DXB,Emirates,2025-05-23 20:00:00,427,367,False,False,19,EKGLADXB2000,2025-05
1018,2025-05-24,EDI-DXB,Emirates,2025-05-24 14:00:00,259,217,True,False,10,EKEDIDXB1400,2025-05
1019,2025-05-24,GLA-DXB,Emirates,2025-05-24 20:00:00,427,381,True,False,31,EKGLADXB2000,2025-05
1020,2025-05-25,EDI-DXB,Emirates,2025-05-25 14:00:00,259,224,True,False,31,EKEDIDXB1400,2025-05
1021,2025-05-25,GLA-DXB,Emirates,2025-05-25 20:00:00,427,365,True,False,15,EKGLADXB2000,2025-05
1022,2025-05-26,EDI-DXB,Emirates,2025-05-26 14:00:00,259,228,False,False,6,EKEDIDXB1400,2025-05
1023,2025-05-26,GLA-DXB,Emirates,2025-05-26 20:00:00,427,382,False,False,29,EKGLADXB2000,2025-05
1024,2025-05-27,EDI-DXB,Emirates,2025-05-27 14:00:00,259,224,False,False,25,EKEDIDXB1400,2025-05
1025,2025-05-27,GLA-DXB,Emirates,2025-05-27 20:00:00,427,386,False,False,31,EKGLADXB2000,2025-05
1026,2025-05-28,EDI-DXB,Emirates,2025-05-28 14:00:00,259,220,False,False,16,EKEDIDXB1400,2025-05
1027,2025-05-28,GLA-DXB,Emirates,2025-05-28 20:00:00,427,395,False,False,16,EKGLADXB2000,2025-05
1028,2025-05-29,EDI-DXB,Emirates,2025-05-29 14:00:00,259,218,False,False,21,EKEDIDXB1400,2025-05
1029,2025-05-29,GLA-DXB,Emirates,2025-05-29 20:00:00,427,374,False,False,30,EKGLADXB2000,2025-05
1030,2025-05-30,EDI-DXB,Emirates,2025-05-30 14:00:00,259,221,False,False,3,EKEDIDXB1400,2025-05
1031,2025-05-30,GLA-DXB,Emirates,2025-05-30 20:00:00,427,374,False,False,36,EKGLADXB2000,2025-05
1032,2025-05-31,EDI-DXB,Emirates,2025-05-31 14:00:00,259,223,True,False,21,EKEDIDXB1400,2025-05
1033,2025-05-31,GLA-DXB,Emirates,2025-05-31 20:00:00,427,365,True,False,4,EKGLADXB2000,2025-05
1034,2025-06-01,EDI-DXB,Emirates,2025-06-01 14:00:00,259,228,True,False,34,EKEDIDXB1400,2025-06
1035,2025-06-01,GLA-DXB,Emirates,2025-06-01 20:00:00,427,383,True,False,27,EKGLADXB2000,2025-06
1036,2025-06-02,EDI-DXB,Emirates,2025-06-02 14:00:00,259,224,False,False,11,EKEDIDXB1400,2025-06
1037,2025-06-02,GLA-DXB,Emirates,2025-06-02 20:00:00,427,393,False,False,20,EKGLADXB2000,2025-06
1038,2025-06-03,EDI-DXB,Emirates,2025-06-03 14:00:00,259,222,False,False,19,EKEDIDXB1400,2025-06
1039,2025-06-03,GLA-DXB,Emirates,2025-06-03 20:00:00,427,384,False,False,13,EKGLADXB2000,2025-06
1040,2025-06-04,EDI-DXB,Emirates,2025-06-04 14:00:00,259,235,False,False,26,EKEDIDXB1400,2025-06
1041,2025-06-04,GLA-DXB,Emirates,2025-06-04 20:00:00,427,370,False,False,27,EKGLADXB2000,2025-06
1042,2025-06-05,EDI-DXB,Emirates,2025-06-05 14:00:00,259,228,False,False,12,EKEDIDXB1400,2025-06
1043,2025-06-05,GLA-DXB,Emirates,2025-06-05 20:00:00,427,383,False,False,34,EKGLADXB2000,2025-06
1044,2025-06-06,EDI-DXB,Emirates,2025-06-06 14:00:00,259,241,False,False,7,EKEDIDXB1400,2025-06
1045,2025-06-06,GLA-DXB,Emirates,2025-06-06 20:00:00,427,383,False,False,10,EKGLADXB2000,2025-06
1046,2025-06-07,EDI-DXB,Emirates,2025-06-07 14:00:00,259,223,True,False,21,EKEDIDXB1400,2025-06
1047,2025-06-07,GLA-DXB,Emirates,2025-06-07 20:00:00,427,384,True,False,36,EKGLADXB2000,2025-06
1048,2025-06-08,EDI-DXB,Emirates,2025-06-08 14:00:00,259,242,True,False,7,EKEDIDXB1400,2025-06
1049,2025-06-08,GLA-DXB,Emirates,2025-06-08 20:00:00,427,380,True,False,23,EKGLADXB2000,2025-06
1050,2025-06-09,EDI-DXB,Emirates,2025-06-09 14:00:00,259,227,False,False,11,EKEDIDXB1400,2025-06
1051,2025-06-09,GLA-DXB,Emirates,2025-06-09 20:00:00,427,377,False,False,20,EKGLADXB2000,2025-06
1052,2025-06-10,EDI-DXB,Emirates,2025-06-10 14:00:00,259,220,False,False,13,EKEDIDXB1400,2025-06
1053,2025-06-10,GLA-DXB,Emirates,2025-06-10 20:00:00,427,376,False,False,19,EKGLADXB2000,2025-06
1054,2025-06-11,EDI-DXB,Emirates,2025-06-11 14:00:00,259,233,False,False,19,EKEDIDXB1400,2025-06
1055,2025-06-11,GLA-DXB,Emirates,2025-06-11 20:00:00,427,376,False,False,33,EKGLADXB2000,2025-06
1056,2025-06-12,EDI-DXB,Emirates,2025-06-12 14:00:00,259,224,False,False,13,EKEDIDXB1400,2025-06
1057,2025-06-12,GLA-DXB,Emirates,2025-06-12 20:00:00,427,379,False,False,26,EKGLADXB2000,2025-06
1058,2025-06-13,EDI-DXB,Emirates,2025-06-13 14:00:00,259,241,False,False,9,EKEDIDXB1400,2025-06
1059,2025-06-13,GLA-DXB,Emirates,2025-06-13 20:00:00,427,356,False,False,23,EKGLADXB2000,2025-06
1060,2025-06-14,EDI-DXB,Emirates,2025-06-14 14:00:00,259,244,True,False,20,EKEDIDXB1400,2025-06
1061,2025-06-14,GLA-DXB,Emirates,2025-06-14 20:00:00,427,387,True,False,11,EKGLADXB2000,2025-06
1062,2025-06-15,EDI-DXB,Emirates,2025-06-15 14:00:00,259,222,True,False,21,EKEDIDXB1400,2025-06
1063,2025-06-15,GLA-DXB,Emirates,2025-06-15 20:00:00,427,392,True,False,17,EKGLADXB2000,2025-06
1064,2025-06-16,EDI-DXB,Emirates,2025-06-16 14:00:00,259,231,False,False,7,EKEDIDXB1400,2025-06
1065,2025-06-16,GLA-DXB,Emirates,2025-06-16 20:00:00,427,384,False,False,27,EKGLADXB2000,2025-06
1066,2025-06-17,EDI-DXB,Emirates,2025-06-17 14:00:00,259,229,False,False,7,EKEDIDXB1400,2025-06
1067,2025-06-17,GLA-DXB,Emirates,2025-06-17 20:00:00,427,371,False,False,25,EKGLADXB2000,2025-06
1068,2025-06-18,EDI-DXB,Emirates,2025-06-18 14:00:00,259,217,False,False,13,EKEDIDXB1400,2025-06
1069,2025-06-18,GLA-DXB,Emirates,2025-06-18 20:00:00,427,383,False,False,9,EKGLADXB2000,2025-06
1070,2025-06-19,EDI-DXB,Emirates,2025-06-19 14:00:00,259,224,False,False,14,EKEDIDXB1400,2025-06
1071,2025-06-19,GLA-DXB,Emirates,2025-06-19 20:00:00,427,396,False,False,35,EKGLADXB2000,2025-06
1072,2025-06-20,EDI-DXB,Emirates,2025-06-20 14:00:00,259,225,False,False,19,EKEDIDXB1400,2025-06
1073,2025-06-20,GLA-DXB,Emirates,2025-06-20 20:00:00,427,379,False,False,13,EKGLADXB2000,2025-06
1074,2025-06-21,EDI-DXB,Emirates,2025-06-21 14:00:00,259,231,True,False,18,EKEDIDXB1400,2025-06
1075,2025-06-21,GLA-DXB,Emirates,2025-06-21 20:00:00,427,392,True,False,35,EKGLADXB2000,2025-06
1076,2025-06-22,EDI-DXB,Emirates,2025-06-22 14:00:00,259,234,True,False,16,EKEDIDXB1400,2025-06
1077,2025-06-22,GLA-DXB,Emirates,2025-06-22 20:00:00,427,387,True,False,18,EKGLADXB2000,2025-06
1078,2025-06-23,EDI-DXB,Emirates,2025-06-23 14:00:00,259,228,False,False,10,EKEDIDXB1400,2025-06
1079,2025-06-23,GLA-DXB,Emirates,2025-06-23 20:00:00,427,384,False,False,8,EKGLADXB2000,2025-06
1080,2025-06-24,EDI-DXB,Emirates,2025-06-24 14:00:00,259,224,False,False,1,EKEDIDXB1400,2025-06
1081,2025-06-24,GLA-DXB,Emirates,2025-06-24 20:00:00,427,368,False,False,27,EKGLADXB2000,2025-06
1082,2025-06-25,EDI-DXB,Emirates,2025-06-25 14:00:00,259,225,False,False,22,EKEDIDXB1400,2025-06
1083,2025-06-25,GLA-DXB,Emirates,2025-06-25 20:00:00,427,379,False,False,18,EKGLADXB2000,2025-06
1084,2025-06-26,EDI-DXB,Emirates,2025-06-26 14:00:00,259,226,False,False,22,EKEDIDXB1400,2025-06
1085,2025-06-26,GLA-DXB,Emirates,2025-06-26 20:00:00,427,394,False,False,21,EKGLADXB2000,2025-06
1086,2025-06-27,EDI-DXB,Emirates,2025-06-27 14:00:00,259,231,False,False,16,EKEDIDXB1400,2025-06
1087,2025-06-27,GLA-DXB,Emirates,2025-06-27 20:00:00,427,385,False,False,16,EKGLADXB2000,2025-06
1088,2025-06-28,EDI-DXB,Emirates,2025-06-28 14:00:00,259,227,True,False,5,EKEDIDXB1400,2025-06
1089,2025-06-28,GLA-DXB,Emirates,2025-06-28 20:00:00,427,391,True,False,30,EKGLADXB2000,2025-06
1090,2025-06-29,EDI-DXB,Emirates,2025-06-29 14:00:00,259,220,True,False,19,EKEDIDXB1400,2025-06
1091,2025-06-29,GLA-DXB,Emirates,2025-06-29 20:00:00,427,397,True,False,20,EKGLADXB2000,2025-06
1092,2025-06-30,EDI-DXB,Emirates,2025-06-30 14:00:00,259,227,False,True,31,EKEDIDXB1400,2025-06
1093,2025-06-30,GLA-DXB,Emirates,2025-06-30 20:00:00,427,382,False,True,63,EKGLADXB2000,2025-06
1094,2025-07-01,EDI-DXB,Emirates,2025-07-01 14:00:00,259,216,False,True,10,EKEDIDXB1400,2025-07
1095,2025-07-01,GLA-DXB,Emirates,2025-07-01 20:00:00,427,358,False,True,56,EKGLADXB2000,2025-07
1096,2025-07-02,EDI-DXB,Emirates,2025-07-02 14:00:00,259,245,False,True,27,EKEDIDXB1400,2025-07
1097,2025-07-02,GLA-DXB,Emirates,2025-07-02 20:00:00,427,358,False,True,44,EKGLADXB2000,2025-07
1098,2025-07-03,EDI-DXB,Emirates,2025-07-03 14:00:00,259,229,False,True,39,EKEDIDXB1400,2025-07
1099,2025-07-03,GLA-DXB,Emirates,2025-07-03 20:00:00,427,373,False,True,48,EKGLADXB2000,2025-07
1100,2025-07-04,EDI-DXB,Emirates,2025-07-04 14:00:00,259,231,False,True,31,EKEDIDXB1400,2025-07
1101,2025-07-04,GLA-DXB,Emirates,2025-07-04 20:00:00,427,343,False,True,40,EKGLADXB2000,2025-07
1102,2025-07-05,EDI-DXB,Emirates,2025-07-05 14:00:00,259,223,True,True,25,EKEDIDXB1400,2025-07
1103,2025-07-05,GLA-DXB,Emirates,2025-07-05 20:00:00,427,387,True,True,36,EKGLADXB2000,2025-07
1104,2025-07-06,EDI-DXB,Emirates,2025-07-06 14:00:00,259,226,True,True,26,EKEDIDXB1400,2025-07
1105,2025-07-06,GLA-DXB,Emirates,2025-07-06 20:00:00,427,365,True,True,45,EKGLADXB2000,2025-07
1106,2025-07-07,EDI-DXB,Emirates,2025-07-07 14:00:00,259,245,False,True,21,EKEDIDXB1400,2025-07
1107,2025-07-07,GLA-DXB,Emirates,2025-07-07 20:00:00,427,365,False,True,36,EKGLADXB2000,2025-07
1108,2025-07-08,EDI-DXB,Emirates,2025-07-08 14:00:00,259,228,False,True,21,EKEDIDXB1400,2025-07
1109,2025-07-08,GLA-DXB,Emirates,2025-07-08 20:00:00,427,352,False,True,52,EKGLADXB2000,2025-07
1110,2025-07-09,EDI-DXB,Emirates,2025-07-09 14:00:00,259,222,False,True,38,EKEDIDXB1400,2025-07
1111,2025-07-09,GLA-DXB,Emirates,2025-07-09 20:00:00,427,396,False,True,54,EKGLADXB2000,2025-07
1112,2025-07-10,EDI-DXB,Emirates,2025-07-10 14:00:00,259,230,False,True,22,EKEDIDXB1400,2025-07
1113,2025-07-10,GLA-DXB,Emirates,2025-07-10 20:00:00,427,382,False,True,41,EKGLADXB2000,2025-07
1114,2025-07-11,EDI-DXB,Emirates,2025-07-11 14:00:00,259,232,False,True,18,EKEDIDXB1400,2025-07
1115,2025-07-11,GLA-DXB,Emirates,2025-07-11 20:00:00,427,391,False,True,20,EKGLADXB2000,2025-07
1116,2025-07-12,EDI-DXB,Emirates,2025-07-12 14:00:00,259,229,True,True,19,EKEDIDXB1400,2025-07
1117,2025-07-12,GLA-DXB,Emirates,2025-07-12 20:00:00,427,395,True,True,40,EKGLADXB2000,2025-07
1118,2025-07-13,EDI-DXB,Emirates,2025-07-13 14:00:00,259,246,True,True,29,EKEDIDXB1400,2025-07
1119,2025-07-13,GLA-DXB,Emirates,2025-07-13 20:00:00,427,363,True,True,44,EKGLADXB2000,2025-07
1120,2025-07-14,EDI-DXB,Emirates,2025-07-14 14:00:00,259,234,False,True,21,EKEDIDXB1400,2025-07
1121,2025-07-14,GLA-DXB,Emirates,2025-07-14 20:00:00,427,404,False,True,30,EKGLADXB2000,2025-07
1122,2025-07-15,EDI-DXB,Emirates,2025-07-15 14:00:00,259,211,False,True,32,EKEDIDXB1400,2025-07
1123,2025-07-15,GLA-DXB,Emirates,2025-07-15 20:00:00,427,388,False,True,29,EKGLADXB2000,2025-07
1124,2025-07-16,EDI-DXB,Emirates,2025-07-16 14:00:00,259,239,False,True,30,EKEDIDXB1400,2025-07
1125,2025-07-16,GLA-DXB,Emirates,2025-07-16 20:00:00,427,387,False,True,44,EKGLADXB2000,2025-07
1126,2025-07-17,EDI-DXB,Emirates,2025-07-17 14:00:00,259,220,False,True,26,EKEDIDXB1400,2025-07
1127,2025-07-17,GLA-DXB,Emirates,2025-07-17 20:00:00,427,374,False,True,33,EKGLADXB2000,2025-07
1128,2025-07-18,EDI-DXB,Emirates,2025-07-18 14:00:00,259,247,False,True,30,EKEDIDXB1400,2025-07
1129,2025-07-18,GLA-DXB,Emirates,2025-07-18 20:00:00,427,382,False,True,54,EKGLADXB2000,2025-07
1130,2025-07-19,EDI-DXB,Emirates,2025-07-19 14:00:00,259,238,True,True,23,EKEDIDXB1400,2025-07
1131,2025-07-19,GLA-DXB,Emirates,2025-07-19 20:00:00,427,407,True,True,34,EKGLADXB2000,2025-07
1132,2025-07-20,EDI-DXB,Emirates,2025-07-20 14:00:00,259,245,True,True,23,EKEDIDXB1400,2025-07
1133,2025-07-20,GLA-DXB,Emirates,2025-07-20 20:00:00,427,411,True,True,36,EKGLADXB2000,2025-07
1134,2025-07-21,EDI-DXB,Emirates,2025-07-21 14:00:00,259,234,False,True,38,EKEDIDXB1400,2025-07
1135,2025-07-21,GLA-DXB,Emirates,2025-07-21 20:00:00,427,374,False,True,48,EKGLADXB2000,2025-07
1136,2025-07-22,EDI-DXB,Emirates,2025-07-22 14:00:00,259,226,False,True,23,EKEDIDXB1400,2025-07
1137,2025-07-22,GLA-DXB,Emirates,2025-07-22 20:00:00,427,387,False,True,39,EKGLADXB2000,2025-07
1138,2025-07-23,EDI-DXB,Emirates,2025-07-23 14:00:00,259,223,False,True,44,EKEDIDXB1400,2025-07
1139,2025-07-23,GLA-DXB,Emirates,2025-07-23 20:00:00,427,382,False,True,33,EKGLADXB2000,2025-07
1140,2025-07-24,EDI-DXB,Emirates,2025-07-24 14:00:00,259,220,False,True,19,EKEDIDXB1400,2025-07
1141,2025-07-24,GLA-DXB,Emirates,2025-07-24 20:00:00,427,392,False,True,60,EKGLADXB2000,2025-07
1142,2025-07-25,EDI-DXB,Emirates,2025-07-25 14:00:00,259,229,False,True,39,EKEDIDXB1400,2025-07
1143,2025-07-25,GLA-DXB,Emirates,2025-07-25 20:00:00,427,384,False,True,42,EKGLADXB2000,2025-07
1144,2025-07-26,EDI-DXB,Emirates,2025-07-26 14:00:00,259,223,True,True,15,EKEDIDXB1400,2025-07
1145,2025-07-26,GLA-DXB,Emirates,2025-07-26 20:00:00,427,387,True,True,34,EKGLADXB2000,2025-07
1146,2025-07-27,EDI-DXB,Emirates,2025-07-27 14:00:00,259,250,True,True,26,EKEDIDXB1400,2025-07
1147,2025-07-27,GLA-DXB,Emirates,2025-07-27 20:00:00,427,371,True,True,50,EKGLADXB2000,2025-07
1148,2025-07-28,EDI-DXB,Emirates,2025-07-28 14:00:00,259,227,False,True,34,EKEDIDXB1400,2025-07
1149,2025-07-28,GLA-DXB,Emirates,2025-07-28 20:00:00,427,361,False,True,36,EKGLADXB2000,2025-07
1150,2025-07-29,EDI-DXB,Emirates,2025-07-29 14:00:00,259,216,False,True,20,EKEDIDXB1400,2025-07
1151,2025-07-29,GLA-DXB,Emirates,2025-07-29 20:00:00,427,384,False,True,40,EKGLADXB2000,2025-07
1152,2025-07-30,EDI-DXB,Emirates,2025-07-30 14:00:00,259,223,False,True,20,EKEDIDXB1400,2025-07
1153,2025-07-30,GLA-DXB,Emirates,2025-07-30 20:00:00,427,389,False,True,28,EKGLADXB2000,2025-07
1154,2025-07-31,EDI-DXB,Emirates,2025-07-31 14:00:00,259,231,False,True,24,EKEDIDXB1400,2025-07
1155,2025-07-31,GLA-DXB,Emirates,2025-07-31 20:00:00,427,374,False,True,42,EKGLADXB2000,2025-07
1156,2025-08-01,EDI-DXB,Emirates,2025-08-01 14:00:00,259,230,False,True,28,EKEDIDXB1400,2025-08
1157,2025-08-01,GLA-DXB,Emirates,2025-08-01 20:00:00,427,392,False,True,32,EKGLADXB2000,2025-08
1158,2025-08-02,EDI-DXB,Emirates,2025-08-02 14:00:00,259,242,True,True,18,EKEDIDXB1400,2025-08
1159,2025-08-02,GLA-DXB,Emirates,2025-08-02 20:00:00,427,396,True,True,30,EKGLADXB2000,2025-08
1160,2025-08-03,EDI-DXB,Emirates,2025-08-03 14:00:00,259,225,True,True,21,EKEDIDXB1400,2025-08
1161,2025-08-03,GLA-DXB,Emirates,2025-08-03 20:00:00,427,395,True,True,40,EKGLADXB2000,2025-08
1162,2025-08-04,EDI-DXB,Emirates,2025-08-04 14:00:00,259,220,False,True,19,EKEDIDXB1400,2025-08
1163,2025-08-04,GLA-DXB,Emirates,2025-08-04 20:00:00,427,373,False,True,34,EKGLADXB2000,2025-08
1164,2025-08-05,EDI-DXB,Emirates,2025-08-05 14:00:00,259,222,False,True,33,EKEDIDXB1400,2025-08
1165,2025-08-05,GLA-DXB,Emirates,2025-08-05 20:00:00,427,370,False,True,31,EKGLADXB2000,2025-08
1166,2025-08-06,EDI-DXB,Emirates,2025-08-06 14:00:00,259,224,False,True,8,EKEDIDXB1400,2025-08
1167,2025-08-06,GLA-DXB,Emirates,2025-08-06 20:00:00,427,361,False,True,42,EKGLADXB2000,2025-08
1168,2025-08-07,EDI-DXB,Emirates,2025-08-07 14:00:00,259,221,False,True,21,EKEDIDXB1400,2025-08
1169,2025-08-07,GLA-DXB,Emirates,2025-08-07 20:00:00,427,378,False,True,40,EKGLADXB2000,2025-08
1170,2025-08-08,EDI-DXB,Emirates,2025-08-08 14:00:00,259,228,False,True,28,EKEDIDXB1400,2025-08
1171,2025-08-08,GLA-DXB,Emirates,2025-08-08 20:00:00,427,379,False,True,35,EKGLADXB2000,2025-08
1172,2025-08-09,EDI-DXB,Emirates,2025-08-09 14:00:00,259,223,True,True,22,EKEDIDXB1400,2025-08
1173,2025-08-09,GLA-DXB,Emirates,2025-08-09 20:00:00,427,361,True,True,30,EKGLADXB2000,2025-08
1174,2025-08-10,EDI-DXB,Emirates,2025-08-10 14:00:00,259,229,True,True,35,EKEDIDXB1400,2025-08
1175,2025-08-10,GLA-DXB,Emirates,2025-08-10 20:00:00,427,401,True,True,40,EKGLADXB2000,2025-08
1176,2025-08-11,EDI-DXB,Emirates,2025-08-11 14:00:00,259,253,False,True,21,EKEDIDXB1400,2025-08
1177,2025-08-11,GLA-DXB,Emirates,2025-08-11 20:00:00,427,368,False,True,35,EKGLADXB2000,2025-08
1178,2025-08-12,EDI-DXB,Emirates,2025-08-12 14:00:00,259,240,False,True,25,EKEDIDXB1400,2025-08
1179,2025-08-12,GLA-DXB,Emirates,2025-08-12 20:00:00,427,372,False,True,47,EKGLADXB2000,2025-08
1180,2025-08-13,EDI-DXB,Emirates,2025-08-13 14:00:00,259,236,False,True,24,EKEDIDXB1400,2025-08
1181,2025-08-13,GLA-DXB,Emirates,2025-08-13 20:00:00,427,372,False,True,42,EKGLADXB2000,2025-08
1182,2025-08-14,EDI-DXB,Emirates,2025-08-14 14:00:00,259,226,False,True,19,EKEDIDXB1400,2025-08
1183,2025-08-14,GLA-DXB,Emirates,2025-08-14 20:00:00,427,363,False,True,57,EKGLADXB2000,2025-08
1184,2025-08-15,EDI-DXB,Emirates,2025-08-15 14:00:00,259,229,False,False,17,EKEDIDXB1400,2025-08
1185,2025-08-15,GLA-DXB,Emirates,2025-08-15 20:00:00,427,379,False,False,15,EKGLADXB2000,2025-08
1186,2025-08-16,EDI-DXB,Emirates,2025-08-16 14:00:00,259,254,True,False,7,EKEDIDXB1400,2025-08
1187,2025-08-16,GLA-DXB,Emirates,2025-08-16 20:00:00,427,378,True,False,22,EKGLADXB2000,2025-08
1188,2025-08-17,EDI-DXB,Emirates,2025-08-17 14:00:00,259,232,True,False,7,EKEDIDXB1400,2025-08
1189,2025-08-17,GLA-DXB,Emirates,2025-08-17 20:00:00,427,377,True,False,22,EKGLADXB2000,2025-08
1190,2025-08-18,EDI-DXB,Emirates,2025-08-18 14:00:00,259,219,False,False,4,EKEDIDXB1400,2025-08
1191,2025-08-18,GLA-DXB,Emirates,2025-08-18 20:00:00,427,409,False,False,23,EKGLADXB2000,2025-08
1192,2025-08-19,EDI-DXB,Emirates,2025-08-19 14:00:00,259,223,False,False,8,EKEDIDXB1400,2025-08
1193,2025-08-19,GLA-DXB,Emirates,2025-08-19 20:00:00,427,352,False,False,20,EKGLADXB2000,2025-08
1194,2025-08-20,EDI-DXB,Emirates,2025-08-20 14:00:00,259,236,False,False,18,EKEDIDXB1400,2025-08
1195,2025-08-20,GLA-DXB,Emirates,2025-08-20 20:00:00,427,376,False,False,10,EKGLADXB2000,2025-08
1196,2025-08-21,EDI-DXB,Emirates,2025-08-21 14:00:00,259,231,False,False,13,EKEDIDXB1400,2025-08
1197,2025-08-21,GLA-DXB,Emirates,2025-08-21 20:00:00,427,354,False,False,29,EKGLADXB2000,2025-08
1198,2025-08-22,EDI-DXB,Emirates,2025-08-22 14:00:00,259,227,False,False,23,EKEDIDXB1400,2025-08
1199,2025-08-22,GLA-DXB,Emirates,2025-08-22 20:00:00,427,365,False,False,29,EKGLADXB2000,2025-08
1200,2025-08-23,EDI-DXB,Emirates,2025-08-23 14:00:00,259,241,True,False,12,EKEDIDXB1400,2025-08
1201,2025-08-23,GLA-DXB,Emirates,2025-08-23 20:00:00,427,396,True,False,9,EKGLADXB2000,2025-08
1202,2025-08-24,EDI-DXB,Emirates,2025-08-24 14:00:00,259,226,True,False,16,EKEDIDXB1400,2025-08
1203,2025-08-24,GLA-DXB,Emirates,2025-08-24 20:00:00,427,385,True,False,34,EKGLADXB2000,2025-08
1204,2025-08-25,EDI-DXB,Emirates,2025-08-25 14:00:00,259,226,False,False,12,EKEDIDXB1400,2025-08
1205,2025-08-25,GLA-DXB,Emirates,2025-08-25 20:00:00,427,366,False,False,11,EKGLADXB2000,2025-08
1206,2025-08-26,EDI-DXB,Emirates,2025-08-26 14:00:00,259,233,False,False,5,EKEDIDXB1400,2025-08
1207,2025-08-26,GLA-DXB,Emirates,2025-08-26 20:00:00,427,365,False,False,10,EKGLADXB2000,2025-08
1208,2025-08-27,EDI-DXB,Emirates,2025-08-27 14:00:00,259,224,False,False,16,EKEDIDXB1400,2025-08
1209,2025-08-27,GLA-DXB,Emirates,2025-08-27 20:00:00,427,366,False,False,25,EKGLADXB2000,2025-08
1210,2025-08-28,EDI-DXB,Emirates,2025-08-28 14:00:00,259,242,False,False,12,EKEDIDXB1400,2025-08
1211,2025-08-28,GLA-DXB,Emirates,2025-08-28 20:00:00,427,370,False,False,37,EKGLADXB2000,2025-08
1212,2025-08-29,EDI-DXB,Emirates,2025-08-29 14:00:00,259,231,False,False,10,EKEDIDXB1400,2025-08
1213,2025-08-29,GLA-DXB,Emirates,2025-08-29 20:00:00,427,393,False,False,31,EKGLADXB2000,2025-08
1214,2025-08-30,EDI-DXB,Emirates,2025-08-30 14:00:00,259,231,True,False,17,EKEDIDXB1400,2025-08
1215,2025-08-30,GLA-DXB,Emirates,2025-08-30 20:00:00,427,384,True,False,14,EKGLADXB2000,2025-08
1216,2025-08-31,EDI-DXB,Emirates,2025-08-31 14:00:00,259,225,True,False,20,EKEDIDXB1400,2025-08
1217,2025-08-31,GLA-DXB,Emirates,2025-08-31 20:00:00,427,375,True,False,24,EKGLADXB2000,2025-08
1218,2025-09-01,EDI-DXB,Emirates,2025-09-01 14:00:00,259,230,False,False,11,EKEDIDXB1400,2025-09
1219,2025-09-01,GLA-DXB,Emirates,2025-09-01 20:00:00,427,369,False,False,17,EKGLADXB2000,2025-09
1220,2025-09-02,EDI-DXB,Emirates,2025-09-02 14:00:00,259,234,False,False,27,EKEDIDXB1400,2025-09
1221,2025-09-02,GLA-DXB,Emirates,2025-09-02 20:00:00,427,376,False,False,26,EKGLADXB2000,2025-09
1222,2025-09-03,EDI-DXB,Emirates,2025-09-03 14:00:00,259,217,False,False,9,EKEDIDXB1400,2025-09
1223,2025-09-03,GLA-DXB,Emirates,2025-09-03 20:00:00,427,367,False,False,20,EKGLADXB2000,2025-09
1224,2025-09-04,EDI-DXB,Emirates,2025-09-04 14:00:00,259,217,False,False,14,EKEDIDXB1400,2025-09
1225,2025-09-04,GLA-DXB,Emirates,2025-09-04 20:00:00,427,390,False,False,36,EKGLADXB2000,2025-09
1226,2025-09-05,EDI-DXB,Emirates,2025-09-05 14:00:00,259,220,False,False,16,EKEDIDXB1400,2025-09
1227,2025-09-05,GLA-DXB,Emirates,2025-09-05 20:00:00,427,385,False,False,31,EKGLADXB2000,2025-09
1228,2025-09-06,EDI-DXB,Emirates,2025-09-06 14:00:00,259,224,True,False,10,EKEDIDXB1400,2025-09
1229,2025-09-06,GLA-DXB,Emirates,2025-09-06 20:00:00,427,374,True,False,14,EKGLADXB2000,2025-09
1230,2025-09-07,EDI-DXB,Emirates,2025-09-07 14:00:00,259,234,True,False,17,EKEDIDXB1400,2025-09
1231,2025-09-07,GLA-DXB,Emirates,2025-09-07 20:00:00,427,374,True,False,16,EKGLADXB2000,2025-09
1232,2025-09-08,EDI-DXB,Emirates,2025-09-08 14:00:00,259,226,False,False,22,EKEDIDXB1400,2025-09
1233,2025-09-08,GLA-DXB,Emirates,2025-09-08 20:00:00,427,356,False,False,24,EKGLADXB2000,2025-09
1234,2025-09-09,EDI-DXB,Emirates,2025-09-09 14:00:00,259,225,False,False,24,EKEDIDXB1400,2025-09
1235,2025-09-09,GLA-DXB,Emirates,2025-09-09 20:00:00,427,376,False,False,36,EKGLADXB2000,2025-09
1236,2025-09-10,EDI-DXB,Emirates,2025-09-10 14:00:00,259,233,False,False,25,EKEDIDXB1400,2025-09
1237,2025-09-10,GLA-DXB,Emirates,2025-09-10 20:00:00,427,365,False,False,28,EKGLADXB2000,2025-09
1238,2025-09-11,EDI-DXB,Emirates,2025-09-11 14:00:00,259,221,False,False,3,EKEDIDXB1400,2025-09
1239,2025-09-11,GLA-DXB,Emirates,2025-09-11 20:00:00,427,393,False,False,15,EKGLADXB2000,2025-09
1240,2025-09-12,EDI-DXB,Emirates,2025-09-12 14:00:00,259,241,False,False,10,EKEDIDXB1400,2025-09
1241,2025-09-12,GLA-DXB,Emirates,2025-09-12 20:00:00,427,383,False,False,29,EKGLADXB2000,2025-09
1242,2025-09-13,EDI-DXB,Emirates,2025-09-13 14:00:00,259,245,True,False,23,EKEDIDXB1400,2025-09
1243,2025-09-13,GLA-DXB,Emirates,2025-09-13 20:00:00,427,378,True,False,10,EKGLADXB2000,2025-09
1244,2025-09-14,EDI-DXB,Emirates,2025-09-14 14:00:00,259,228,True,False,19,EKEDIDXB1400,2025-09
1245,2025-09-14,GLA-DXB,Emirates,2025-09-14 20:00:00,427,386,True,False,8,EKGLADXB2000,2025-09
1246,2025-09-15,EDI-DXB,Emirates,2025-09-15 14:00:00,259,216,False,False,18,EKEDIDXB1400,2025-09
1247,2025-09-15,GLA-DXB,Emirates,2025-09-15 20:00:00,427,404,False,False,24,EKGLADXB2000,2025-09
1248,2025-09-16,EDI-DXB,Emirates,2025-09-16 14:00:00,259,226,False,False,27,EKEDIDXB1400,2025-09
1249,2025-09-16,GLA-DXB,Emirates,2025-09-16 20:00:00,427,385,False,False,32,EKGLADXB2000,2025-09
1250,2025-09-17,EDI-DXB,Emirates,2025-09-17 14:00:00,259,241,False,False,17,EKEDIDXB1400,2025-09
1251,2025-09-17,GLA-DXB,Emirates,2025-09-17 20:00:00,427,385,False,False,15,EKGLADXB2000,2025-09
1252,2025-09-18,EDI-DXB,Emirates,2025-09-18 14:00:00,259,240,False,False,26,EKEDIDXB1400,2025-09
1253,2025-09-18,GLA-DXB,Emirates,2025-09-18 20:00:00,427,386,False,False,25,EKGLADXB2000,2025-09
1254,2025-09-19,EDI-DXB,Emirates,2025-09-19 14:00:00,259,222,False,False,6,EKEDIDXB1400,2025-09
1255,2025-09-19,GLA-DXB,Emirates,2025-09-19 20:00:00,427,371,False,False,33,EKGLADXB2000,2025-09
1256,2025-09-20,EDI-DXB,Emirates,2025-09-20 14:00:00,259,236,True,False,26,EKEDIDXB1400,2025-09
1257,2025-09-20,GLA-DXB,Emirates,2025-09-20 20:00:00,427,385,True,False,10,EKGLADXB2000,2025-09
1258,2025-09-21,EDI-DXB,Emirates,2025-09-21 14:00:00,259,238,True,False,29,EKEDIDXB1400,2025-09
1259,2025-09-21,GLA-DXB,Emirates,2025-09-21 20:00:00,427,406,True,False,18,EKGLADXB2000,2025-09
1260,2025-09-22,EDI-DXB,Emirates,2025-09-22 14:00:00,259,225,False,False,6,EKEDIDXB1400,2025-09
1261,2025-09-22,GLA-DXB,Emirates,2025-09-22 20:00:00,427,372,False,False,30,EKGLADXB2000,2025-09
1262,2025-09-23,EDI-DXB,Emirates,2025-09-23 14:00:00,259,221,False,False,4,EKEDIDXB1400,2025-09
1263,2025-09-23,GLA-DXB,Emirates,2025-09-23 20:00:00,427,364,False,False,22,EKGLADXB2000,2025-09
1264,2025-09-24,EDI-DXB,Emirates,2025-09-24 14:00:00,259,217,False,False,15,EKEDIDXB1400,2025-09
1265,2025-09-24,GLA-DXB,Emirates,2025-09-24 20:00:00,427,387,False,False,12,EKGLADXB2000,2025-09
1266,2025-09-25,EDI-DXB,Emirates,2025-09-25 14:00:00,259,238,False,False,24,EKEDIDXB1400,2025-09
1267,2025-09-25,GLA-DXB,Emirates,2025-09-25 20:00:00,427,387,False,False,33,EKGLADXB2000,2025-09
1268,2025-09-26,EDI-DXB,Emirates,2025-09-26 14:00:00,259,224,False,False,16,EKEDIDXB1400,2025-09
1269,2025-09-26,GLA-DXB,Emirates,2025-09-26 20:00:00,427,398,False,False,10,EKGLADXB2000,2025-09
1270,2025-09-27,EDI-DXB,Emirates,2025-09-27 14:00:00,259,215,True,False,6,EKEDIDXB1400,2025-09
1271,2025-09-27,GLA-DXB,Emirates,2025-09-27 20:00:00,427,414,True,False,29,EKGLADXB2000,2025-09
1272,2025-09-28,EDI-DXB,Emirates,2025-09-28 14:00:00,259,235,True,False,17,EKEDIDXB1400,2025-09
1273,2025-09-28,GLA-DXB,Emirates,2025-09-28 20:00:00,427,376,True,False,11,EKGLADXB2000,2025-09
1274,2025-09-29,EDI-DXB,Emirates,2025-09-29 14:00:00,259,232,False,False,20,EKEDIDXB1400,2025-09
1275,2025-09-29,GLA-DXB,Emirates,2025-09-29 20:00:00,427,398,False,False,20,EKGLADXB2000,2025-09
1276,2025-09-30,EDI-DXB,Emirates,2025-09-30 14:00:00,259,231,False,False,27,EKEDIDXB1400,2025-09
1277,2025-09-30,GLA-DXB,Emirates,2025-09-30 20:00:00,427,358,False,False,34,EKGLADXB2000,2025-09
1278,2025-10-01,EDI-DXB,Emirates,2025-10-01 14:00:00,259,221,False,False,10,EKEDIDXB1400,2025-10
1279,2025-10-01,GLA-DXB,Emirates,2025-10-01 20:00:00,427,360,False,False,14,EKGLADXB2000,2025-10
1280,2025-10-02,EDI-DXB,Emirates,2025-10-02 14:00:00,259,237,False,False,8,EKEDIDXB1400,2025-10
1281,2025-10-02,GLA-DXB,Emirates,2025-10-02 20:00:00,427,364,False,False,26,EKGLADXB2000,2025-10
1282,2025-10-03,EDI-DXB,Emirates,2025-10-03 14:00:00,259,246,False,False,13,EKEDIDXB1400,2025-10
1283,2025-10-03,GLA-DXB,Emirates,2025-10-03 20:00:00,427,372,False,False,20,EKGLADXB2000,2025-10
1284,2025-10-04,EDI-DXB,Emirates,2025-10-04 14:00:00,259,232,True,False,10,EKEDIDXB1400,2025-10
1285,2025-10-04,GLA-DXB,Emirates,2025-10-04 20:00:00,427,385,True,False,26,EKGLADXB2000,2025-10
1286,2025-10-05,EDI-DXB,Emirates,2025-10-05 14:00:00,259,254,True,False,22,EKEDIDXB1400,2025-10
1287,2025-10-05,GLA-DXB,Emirates,2025-10-05 20:00:00,427,370,True,False,33,EKGLADXB2000,2025-10
1288,2025-10-06,EDI-DXB,Emirates,2025-10-06 14:00:00,259,225,False,False,24,EKEDIDXB1400,2025-10
1289,2025-10-06,GLA-DXB,Emirates,2025-10-06 20:00:00,427,372,False,False,12,EKGLADXB2000,2025-10
1290,2025-10-07,EDI-DXB,Emirates,2025-10-07 14:00:00,259,223,False,False,17,EKEDIDXB1400,2025-10
1291,2025-10-07,GLA-DXB,Emirates,2025-10-07 20:00:00,427,362,False,False,22,EKGLADXB2000,2025-10
1292,2025-10-08,EDI-DXB,Emirates,2025-10-08 14:00:00,259,207,False,False,25,EKEDIDXB1400,2025-10
1293,2025-10-08,GLA-DXB,Emirates,2025-10-08 20:00:00,427,374,False,False,17,EKGLADXB2000,2025-10
1294,2025-10-09,EDI-DXB,Emirates,2025-10-09 14:00:00,259,213,False,False,12,EKEDIDXB1400,2025-10
1295,2025-10-09,GLA-DXB,Emirates,2025-10-09 20:00:00,427,359,False,False,24,EKGLADXB2000,2025-10
1296,2025-10-10,EDI-DXB,Emirates,2025-10-10 14:00:00,259,226,False,False,8,EKEDIDXB1400,2025-10
1297,2025-10-10,GLA-DXB,Emirates,2025-10-10 20:00:00,427,369,False,False,19,EKGLADXB2000,2025-10
1298,2025-10-11,EDI-DXB,Emirates,2025-10-11 14:00:00,259,226,True,False,8,EKEDIDXB1400,2025-10
1299,2025-10-11,GLA-DXB,Emirates,2025-10-11 20:00:00,427,388,True,False,9,EKGLADXB2000,2025-10
1300,2025-10-12,EDI-DXB,Emirates,2025-10-12 14:00:00,259,236,True,False,22,EKEDIDXB1400,2025-10
1301,2025-10-12,GLA-DXB,Emirates,2025-10-12 20:00:00,427,378,True,False,22,EKGLADXB2000,2025-10
1302,2025-10-13,EDI-DXB,Emirates,2025-10-13 14:00:00,259,224,False,True,34,EKEDIDXB1400,2025-10
1303,2025-10-13,GLA-DXB,Emirates,2025-10-13 20:00:00,427,376,False,True,46,EKGLADXB2000,2025-10
1304,2025-10-14,EDI-DXB,Emirates,2025-10-14 14:00:00,259,218,False,True,41,EKEDIDXB1400,2025-10
1305,2025-10-14,GLA-DXB,Emirates,2025-10-14 20:00:00,427,372,False,True,24,EKGLADXB2000,2025-10
1306,2025-10-15,EDI-DXB,Emirates,2025-10-15 14:00:00,259,222,False,True,28,EKEDIDXB1400,2025-10
1307,2025-10-15,GLA-DXB,Emirates,2025-10-15 20:00:00,427,361,False,True,47,EKGLADXB2000,2025-10
1308,2025-10-16,EDI-DXB,Emirates,2025-10-16 14:00:00,259,235,False,True,37,EKEDIDXB1400,2025-10
1309,2025-10-16,GLA-DXB,Emirates,2025-10-16 20:00:00,427,364,False,True,37,EKGLADXB2000,2025-10
1310,2025-10-17,EDI-DXB,Emirates,2025-10-17 14:00:00,259,220,False,True,44,EKEDIDXB1400,2025-10
1311,2025-10-17,GLA-DXB,Emirates,2025-10-17 20:00:00,427,403,False,True,34,EKGLADXB2000,2025-10
1312,2025-10-18,EDI-DXB,Emirates,2025-10-18 14:00:00,259,237,True,False,19,EKEDIDXB1400,2025-10
1313,2025-10-18,GLA-DXB,Emirates,2025-10-18 20:00:00,427,383,True,False,32,EKGLADXB2000,2025-10
1314,2025-10-19,EDI-DXB,Emirates,2025-10-19 14:00:00,259,221,True,False,9,EKEDIDXB1400,2025-10
1315,2025-10-19,GLA-DXB,Emirates,2025-10-19 20:00:00,427,389,True,False,26,EKGLADXB2000,2025-10
1316,2025-10-20,EDI-DXB,Emirates,2025-10-20 14:00:00,259,224,False,False,20,EKEDIDXB1400,2025-10
1317,2025-10-20,GLA-DXB,Emirates,2025-10-20 20:00:00,427,382,False,False,29,EKGLADXB2000,2025-10
1318,2025-10-21,EDI-DXB,Emirates,2025-10-21 14:00:00,259,224,False,False,20,EKEDIDXB1400,2025-10
1319,2025-10-21,GLA-DXB,Emirates,2025-10-21 20:00:00,427,381,False,False,23,EKGLADXB2000,2025-10
1320,2025-10-22,EDI-DXB,Emirates,2025-10-22 14:00:00,259,223,False,False,4,EKEDIDXB1400,2025-10
1321,2025-10-22,GLA-DXB,Emirates,2025-10-22 20:00:00,427,347,False,False,28,EKGLADXB2000,2025-10
1322,2025-10-23,EDI-DXB,Emirates,2025-10-23 14:00:00,259,220,False,False,25,EKEDIDXB1400,2025-10
1323,2025-10-23,GLA-DXB,Emirates,2025-10-23 20:00:00,427,384,False,False,26,EKGLADXB2000,2025-10
1324,2025-10-24,EDI-DXB,Emirates,2025-10-24 14:00:00,259,214,False,False,8,EKEDIDXB1400,2025-10
1325,2025-10-24,GLA-DXB,Emirates,2025-10-24 20:00:00,427,359,False,False,38,EKGLADXB2000,2025-10
1326,2025-10-25,EDI-DXB,Emirates,2025-10-25 14:00:00,259,231,True,False,15,EKEDIDXB1400,2025-10
1327,2025-10-25,GLA-DXB,Emirates,2025-10-25 20:00:00,427,365,True,False,30,EKGLADXB2000,2025-10
1328,2025-10-26,EDI-DXB,Emirates,2025-10-26 14:00:00,259,239,True,False,20,EKEDIDXB1400,2025-10
1329,2025-10-26,GLA-DXB,Emirates,2025-10-26 20:00:00,427,383,True,False,15,EKGLADXB2000,2025-10
1330,2025-10-27,EDI-DXB,Emirates,2025-10-27 14:00:00,259,243,False,False,13,EKEDIDXB1400,2025-10
1331,2025-10-27,GLA-DXB,Emirates,2025-10-27 20:00:00,427,341,False,False,14,EKGLADXB2000,2025-10
1332,2025-10-28,EDI-DXB,Emirates,2025-10-28 14:00:00,259,227,False,False,7,EKEDIDXB1400,2025-10
1333,2025-10-28,GLA-DXB,Emirates,2025-10-28 20:00:00,427,389,False,False,19,EKGLADXB2000,2025-10
1334,2025-10-29,EDI-DXB,Emirates,2025-10-29 14:00:00,259,225,False,False,18,EKEDIDXB1400,2025-10
1335,2025-10-29,GLA-DXB,Emirates,2025-10-29 20:00:00,427,386,False,False,22,EKGLADXB2000,2025-10
1336,2025-10-30,EDI-DXB,Emirates,2025-10-30 14:00:00,259,233,False,False,16,EKEDIDXB1400,2025-10
1337,2025-10-30,GLA-DXB,Emirates,2025-10-30 20:00:00,427,376,False,False,20,EKGLADXB2000,2025-10
1338,2025-10-31,EDI-DXB,Emirates,2025-10-31 14:00:00,259,226,False,False,18,EKEDIDXB1400,2025-10
1339,2025-10-31,GLA-DXB,Emirates,2025-10-31 20:00:00,427,369,False,False,15,EKGLADXB2000,2025-10
1340,2025-11-01,EDI-DXB,Emirates,2025-11-01 14:00:00,259,224,True,False,3,EKEDIDXB1400,2025-11
1341,2025-11-01,GLA-DXB,Emirates,2025-11-01 20:00:00,427,376,True,False,19,EKGLADXB2000,2025-11
1342,2025-11-02,EDI-DXB,Emirates,2025-11-02 14:00:00,259,227,True,False,21,EKEDIDXB1400,2025-11
1343,2025-11-02,GLA-DXB,Emirates,2025-11-02 20:00:00,427,387,True,False,29,EKGLADXB2000,2025-11
1344,2025-11-03,EDI-DXB,Emirates,2025-11-03 14:00:00,259,216,False,False,7,EKEDIDXB1400,2025-11
1345,2025-11-03,GLA-DXB,Emirates,2025-11-03 20:00:00,427,381,False,False,20,EKGLADXB2000,2025-11
1346,2025-11-04,EDI-DXB,Emirates,2025-11-04 14:00:00,259,236,False,False,15,EKEDIDXB1400,2025-11
1347,2025-11-04,GLA-DXB,Emirates,2025-11-04 20:00:00,427,378,False,False,22,EKGLADXB2000,2025-11
1348,2025-11-05,EDI-DXB,Emirates,2025-11-05 14:00:00,259,224,False,False,20,EKEDIDXB1400,2025-11
1349,2025-11-05,GLA-DXB,Emirates,2025-11-05 20:00:00,427,372,False,False,10,EKGLADXB2000,2025-11
1350,2025-11-06,EDI-DXB,Emirates,2025-11-06 14:00:00,259,229,False,False,11,EKEDIDXB1400,2025-11
1351,2025-11-06,GLA-DXB,Emirates,2025-11-06 20:00:00,427,356,False,False,29,EKGLADXB2000,2025-11
1352,2025-11-07,EDI-DXB,Emirates,2025-11-07 14:00:00,259,233,False,False,5,EKEDIDXB1400,2025-11
1353,2025-11-07,GLA-DXB,Emirates,2025-11-07 20:00:00,427,369,False,False,12,EKGLADXB2000,2025-11
1354,2025-11-08,EDI-DXB,Emirates,2025-11-08 14:00:00,259,226,True,False,24,EKEDIDXB1400,2025-11
1355,2025-11-08,GLA-DXB,Emirates,2025-11-08 20:00:00,427,384,True,False,33,EKGLADXB2000,2025-11
1356,2025-11-09,EDI-DXB,Emirates,2025-11-09 14:00:00,259,233,True,False,31,EKEDIDXB1400,2025-11
1357,2025-11-09,GLA-DXB,Emirates,2025-11-09 20:00:00,427,400,True,False,29,EKGLADXB2000,2025-11
1358,2025-11-10,EDI-DXB,Emirates,2025-11-10 14:00:00,259,229,False,False,12,EKEDIDXB1400,2025-11
1359,2025-11-10,GLA-DXB,Emirates,2025-11-10 20:00:00,427,379,False,False,33,EKGLADXB2000,2025-11
1360,2025-11-11,EDI-DXB,Emirates,2025-11-11 14:00:00,259,236,False,False,14,EKEDIDXB1400,2025-11
1361,2025-11-11,GLA-DXB,Emirates,2025-11-11 20:00:00,427,389,False,False,15,EKGLADXB2000,2025-11
1362,2025-11-12,EDI-DXB,Emirates,2025-11-12 14:00:00,259,222,False,False,20,EKEDIDXB1400,2025-11
1363,2025-11-12,GLA-DXB,Emirates,2025-11-12 20:00:00,427,375,False,False,16,EKGLADXB2000,2025-11
1364,2025-11-13,EDI-DXB,Emirates,2025-11-13 14:00:00,259,215,False,False,15,EKEDIDXB1400,2025-11
1365,2025-11-13,GLA-DXB,Emirates,2025-11-13 20:00:00,427,371,False,False,22,EKGLADXB2000,2025-11
1366,2025-11-14,EDI-DXB,Emirates,2025-11-14 14:00:00,259,221,False,False,11,EKEDIDXB1400,2025-11
1367,2025-11-14,GLA-DXB,Emirates,2025-11-14 20:00:00,427,355,False,False,26,EKGLADXB2000,2025-11
1368,2025-11-15,EDI-DXB,Emirates,2025-11-15 14:00:00,259,228,True,False,17,EKEDIDXB1400,2025-11
1369,2025-11-15,GLA-DXB,Emirates,2025-11-15 20:00:00,427,400,True,False,15,EKGLADXB2000,2025-11
1370,2025-11-16,EDI-DXB,Emirates,2025-11-16 14:00:00,259,233,True,False,14,EKEDIDXB1400,2025-11
1371,2025-11-16,GLA-DXB,Emirates,2025-11-16 20:00:00,427,386,True,False,20,EKGLADXB2000,2025-11
1372,2025-11-17,EDI-DXB,Emirates,2025-11-17 14:00:00,259,218,False,False,20,EKEDIDXB1400,2025-11
1373,2025-11-17,GLA-DXB,Emirates,2025-11-17 20:00:00,427,364,False,False,41,EKGLADXB2000,2025-11
1374,2025-11-18,EDI-DXB,Emirates,2025-11-18 14:00:00,259,229,False,False,27,EKEDIDXB1400,2025-11
1375,2025-11-18,GLA-DXB,Emirates,2025-11-18 20:00:00,427,369,False,False,24,EKGLADXB2000,2025-11
1376,2025-11-19,EDI-DXB,Emirates,2025-11-19 14:00:00,259,229,False,False,17,EKEDIDXB1400,2025-11
1377,2025-11-19,GLA-DXB,Emirates,2025-11-19 20:00:00,427,388,False,False,26,EKGLADXB2000,2025-11
1378,2025-11-20,EDI-DXB,Emirates,2025-11-20 14:00:00,259,227,False,False,22,EKEDIDXB1400,2025-11
1379,2025-11-20,GLA-DXB,Emirates,2025-11-20 20:00:00,427,387,False,False,28,EKGLADXB2000,2025-11
1380,2025-11-21,EDI-DXB,Emirates,2025-11-21 14:00:00,259,218,False,False,20,EKEDIDXB1400,2025-11
1381,2025-11-21,GLA-DXB,Emirates,2025-11-21 20:00:00,427,389,False,False,8,EKGLADXB2000,2025-11
1382,2025-11-22,EDI-DXB,Emirates,2025-11-22 14:00:00,259,219,True,False,5,EKEDIDXB1400,2025-11
1383,2025-11-22,GLA-DXB,Emirates,2025-11-22 20:00:00,427,374,True,False,13,EKGLADXB2000,2025-11
1384,2025-11-23,EDI-DXB,Emirates,2025-11-23 14:00:00,259,217,True,False,32,EKEDIDXB1400,2025-11
1385,2025-11-23,GLA-DXB,Emirates,2025-11-23 20:00:00,427,396,True,False,31,EKGLADXB2000,2025-11
1386,2025-11-24,EDI-DXB,Emirates,2025-11-24 14:00:00,259,224,False,False,22,EKEDIDXB1400,2025-11
1387,2025-11-24,GLA-DXB,Emirates,2025-11-24 20:00:00,427,379,False,False,27,EKGLADXB2000,2025-11
1388,2025-11-25,EDI-DXB,Emirates,2025-11-25 14:00:00,259,222,False,False,5,EKEDIDXB1400,2025-11
1389,2025-11-25,GLA-DXB,Emirates,2025-11-25 20:00:00,427,384,False,False,27,EKGLADXB2000,2025-11
1390,2025-11-26,EDI-DXB,Emirates,2025-11-26 14:00:00,259,230,False,False,20,EKEDIDXB1400,2025-11
1391,2025-11-26,GLA-DXB,Emirates,2025-11-26 20:00:00,427,371,False,False,21,EKGLADXB2000,2025-11
1392,2025-11-27,EDI-DXB,Emirates,2025-11-27 14:00:00,259,234,False,False,2,EKEDIDXB1400,2025-11
1393,2025-11-27,GLA-DXB,Emirates,2025-11-27 20:00:00,427,378,False,False,29,EKGLADXB2000,2025-11
1394,2025-11-28,EDI-DXB,Emirates,2025-11-28 14:00:00,259,222,False,False,13,EKEDIDXB1400,2025-11
1395,2025-11-28,GLA-DXB,Emirates,2025-11-28 20:00:00,427,345,False,False,14,EKGLADXB2000,2025-11
1396,2025-11-29,EDI-DXB,Emirates,2025-11-29 14:00:00,259,235,True,False,12,EKEDIDXB1400,2025-11
1397,2025-11-29,GLA-DXB,Emirates,2025-11-29 20:00:00,427,369,True,False,12,EKGLADXB2000,2025-11
1398,2025-11-30,EDI-DXB,Emirates,2025-11-30 14:00:00,259,228,True,False,7,EKEDIDXB1400,2025-11
1399,2025-11-30,GLA-DXB,Emirates,2025-11-30 20:00:00,427,369,True,False,38,EKGLADXB2000,2025-11
1400,2025-12-01,EDI-DXB,Emirates,2025-12-01 14:00:00,259,239,False,False,13,EKEDIDXB1400,2025-12
1401,2025-12-01,GLA-DXB,Emirates,2025-12-01 20:00:00,427,381,False,False,6,EKGLADXB2000,2025-12
1402,2025-12-02,EDI-DXB,Emirates,2025-12-02 14:00:00,259,229,False,False,5,EKEDIDXB1400,2025-12
1403,2025-12-02,GLA-DXB,Emirates,2025-12-02 20:00:00,427,377,False,False,26,EKGLADXB2000,2025-12
1404,2025-12-03,EDI-DXB,Emirates,2025-12-03 14:00:00,259,231,False,False,10,EKEDIDXB1400,2025-12
1405,2025-12-03,GLA-DXB,Emirates,2025-12-03 20:00:00,427,365,False,False,34,EKGLADXB2000,2025-12
1406,2025-12-04,EDI-DXB,Emirates,2025-12-04 14:00:00,259,217,False,False,30,EKEDIDXB1400,2025-12
1407,2025-12-04,GLA-DXB,Emirates,2025-12-04 20:00:00,427,371,False,False,26,EKGLADXB2000,2025-12
1408,2025-12-05,EDI-DXB,Emirates,2025-12-05 14:00:00,259,235,False,False,21,EKEDIDXB1400,2025-12
1409,2025-12-05,GLA-DXB,Emirates,2025-12-05 20:00:00,427,342,False,False,39,EKGLADXB2000,2025-12
1410,2025-12-06,EDI-DXB,Emirates,2025-12-06 14:00:00,259,219,True,False,4,EKEDIDXB1400,2025-12
1411,2025-12-06,GLA-DXB,Emirates,2025-12-06 20:00:00,427,378,True,False,28,EKGLADXB2000,2025-12
1412,2025-12-07,EDI-DXB,Emirates,2025-12-07 14:00:00,259,226,True,False,6,EKEDIDXB1400,2025-12
1413,2025-12-07,GLA-DXB,Emirates,2025-12-07 20:00:00,427,385,True,False,37,EKGLADXB2000,2025-12
1414,2025-12-08,EDI-DXB,Emirates,2025-12-08 14:00:00,259,242,False,False,25,EKEDIDXB1400,2025-12
1415,2025-12-08,GLA-DXB,Emirates,2025-12-08 20:00:00,427,380,False,False,15,EKGLADXB2000,2025-12
1416,2025-12-09,EDI-DXB,Emirates,2025-12-09 14:00:00,259,223,False,False,17,EKEDIDXB1400,2025-12
1417,2025-12-09,GLA-DXB,Emirates,2025-12-09 20:00:00,427,407,False,False,36,EKGLADXB2000,2025-12
1418,2025-12-10,EDI-DXB,Emirates,2025-12-10 14:00:00,259,228,False,False,6,EKEDIDXB1400,2025-12
1419,2025-12-10,GLA-DXB,Emirates,2025-12-10 20:00:00,427,360,False,False,24,EKGLADXB2000,2025-12
1420,2025-12-11,EDI-DXB,Emirates,2025-12-11 14:00:00,259,231,False,False,17,EKEDIDXB1400,2025-12
1421,2025-12-11,GLA-DXB,Emirates,2025-12-11 20:00:00,427,378,False,False,26,EKGLADXB2000,2025-12
1422,2025-12-12,EDI-DXB,Emirates,2025-12-12 14:00:00,259,232,False,False,22,EKEDIDXB1400,2025-12
1423,2025-12-12,GLA-DXB,Emirates,2025-12-12 20:00:00,427,361,False,False,23,EKGLADXB2000,2025-12
1424,2025-12-13,EDI-DXB,Emirates,2025-12-13 14:00:00,259,224,True,False,7,EKEDIDXB1400,2025-12
1425,2025-12-13,GLA-DXB,Emirates,2025-12-13 20:00:00,427,374,True,False,7,EKGLADXB2000,2025-12
1426,2025-12-14,EDI-DXB,Emirates,2025-12-14 14:00:00,259,244,True,False,12,EKEDIDXB1400,2025-12
1427,2025-12-14,GLA-DXB,Emirates,2025-12-14 20:00:00,427,365,True,False,25,EKGLADXB2000,2025-12
1428,2025-12-15,EDI-DXB,Emirates,2025-12-15 14:00:00,259,233,False,False,11,EKEDIDXB1400,2025-12
1429,2025-12-15,GLA-DXB,Emirates,2025-12-15 20:00:00,427,389,False,False,21,EKGLADXB2000,2025-12
1430,2025-12-16,EDI-DXB,Emirates,2025-12-16 14:00:00,259,215,False,False,16,EKEDIDXB1400,2025-12
1431,2025-12-16,GLA-DXB,Emirates,2025-12-16 20:00:00,427,376,False,False,15,EKGLADXB2000,2025-12
1432,2025-12-17,EDI-DXB,Emirates,2025-12-17 14:00:00,259,222,False,False,19,EKEDIDXB1400,2025-12
1433,2025-12-17,GLA-DXB,Emirates,2025-12-17 20:00:00,427,346,False,False,31,EKGLADXB2000,2025-12
1434,2025-12-18,EDI-DXB,Emirates,2025-12-18 14:00:00,259,237,False,False,11,EKEDIDXB1400,2025-12
1435,2025-12-18,GLA-DXB,Emirates,2025-12-18 20:00:00,427,416,False,False,15,EKGLADXB2000,2025-12
1436,2025-12-19,EDI-DXB,Emirates,2025-12-19 14:00:00,259,215,False,False,11,EKEDIDXB1400,2025-12
1437,2025-12-19,GLA-DXB,Emirates,2025-12-19 20:00:00,427,371,False,False,17,EKGLADXB2000,2025-12
1438,2025-12-20,EDI-DXB,Emirates,2025-12-20 14:00:00,259,237,True,False,11,EKEDIDXB1400,2025-12
1439,2025-12-20,GLA-DXB,Emirates,2025-12-20 20:00:00,427,386,True,False,24,EKGLADXB2000,2025-12
1440,2025-12-21,EDI-DXB,Emirates,2025-12-21 14:00:00,259,255,True,False,14,EKEDIDXB1400,2025-12
1441,2025-12-21,GLA-DXB,Emirates,2025-12-21 20:00:00,427,368,True,False,21,EKGLADXB2000,2025-12
1442,2025-12-22,EDI-DXB,Emirates,2025-12-22 14:00:00,259,218,False,True,28,EKEDIDXB1400,2025-12
1443,2025-12-22,GLA-DXB,Emirates,2025-12-22 20:00:00,427,389,False,True,54,EKGLADXB2000,2025-12
1444,2025-12-23,EDI-DXB,Emirates,2025-12-23 14:00:00,259,232,False,True,15,EKEDIDXB1400,2025-12
1445,2025-12-23,GLA-DXB,Emirates,2025-12-23 20:00:00,427,376,False,True,43,EKGLADXB2000,2025-12
1446,2025-12-24,EDI-DXB,Emirates,2025-12-24 14:00:00,259,234,False,True,37,EKEDIDXB1400,2025-12
1447,2025-12-24,GLA-DXB,Emirates,2025-12-24 20:00:00,427,402,False,True,44,EKGLADXB2000,2025-12
1448,2025-12-25,EDI-DXB,Emirates,2025-12-25 14:00:00,259,228,False,True,36,EKEDIDXB1400,2025-12
1449,2025-12-25,GLA-DXB,Emirates,2025-12-25 20:00:00,427,367,False,True,47,EKGLADXB2000,2025-12
1450,2025-12-26,EDI-DXB,Emirates,2025-12-26 14:00:00,259,231,False,True,26,EKEDIDXB1400,2025-12
1451,2025-12-26,GLA-DXB,Emirates,2025-12-26 20:00:00,427,393,False,True,49,EKGLADXB2000,2025-12
1452,2025-12-27,EDI-DXB,Emirates,2025-12-27 14:00:00,259,233,True,True,23,EKEDIDXB1400,2025-12
1453,2025-12-27,GLA-DXB,Emirates,2025-12-27 20:00:00,427,391,True,True,28,EKGLADXB2000,2025-12
1454,2025-12-28,EDI-DXB,Emirates,2025-12-28 14:00:00,259,240,True,True,16,EKEDIDXB1400,2025-12
1455,2025-12-28,GLA-DXB,Emirates,2025-12-28 20:00:00,427,370,True,True,53,EKGLADXB2000,2025-12
1456,2025-12-29,EDI-DXB,Emirates,2025-12-29 14:00:00,259,230,False,True,16,EKEDIDXB1400,2025-12
1457,2025-12-29,GLA-DXB,Emirates,2025-12-29 20:00:00,427,368,False,True,49,EKGLADXB2000,2025-12
1458,2025-12-30,EDI-DXB,Emirates,2025-12-30 14:00:00,259,214,False,True,35,EKEDIDXB1400,2025-12
1459,2025-12-30,GLA-DXB,Emirates,2025-12-30 20:00:00,427,386,False,True,27,EKGLADXB2000,2025-12
1460,2025-12-31,EDI-DXB,Emirates,2025-12-31 14:00:00,259,228,False,True,19,EKEDIDXB1400,2025-12
1461,2025-12-31,GLA-DXB,Emirates,2025-12-31 20:00:00,427,366,False,True,52,EKGLADXB2000,2025-12
