,Flight_Date,Route,Carrier,Scheduled_Departure_Time,Aircraft_Capacity,Actual_Pax_Count,Is_Weekend,Is_Holiday_Period,CHML_Ordered,Flight_ID
0,2024-01-01,EDI-DXB,Emirates,2024-01-01 14:00:00,259,220,False,False,9,EKEDIDXB1400
1,2024-01-01,GLA-DXB,Emirates,2024-01-01 20:00:00,427,369,False,False,6,EKGLADXB2000
2,2024-01-02,EDI-DXB,Emirates,2024-01-02 14:00:00,259,227,False,False,21,EKEDIDXB1400
3,2024-01-02,GLA-DXB,Emirates,2024-01-02 20:00:00,427,384,False,False,18,EKGLADXB2000
4,2024-01-03,EDI-DXB,Emirates,2024-01-03 14:00:00,259,238,False,False,14,EKEDIDXB1400
5,2024-01-03,GLA-DXB,Emirates,2024-01-03 20:00:00,427,365,False,False,20,EKGLADXB2000
6,2024-01-04,EDI-DXB,Emirates,2024-01-04 14:00:00,259,223,False,False,21,EKEDIDXB1400
7,2024-01-04,GLA-DXB,Emirates,2024-01-04 20:00:00,427,385,False,False,27,EKGLADXB2000
8,2024-01-05,EDI-DXB,Emirates,2024-01-05 14:00:00,259,232,False,False,8,EKEDIDXB1400
9,2024-01-05,GLA-DXB,Emirates,2024-01-05 20:00:00,427,365,False,False,17,EKGLADXB2000
10,2024-01-06,EDI-DXB,Emirates,2024-01-06 14:00:00,259,235,True,False,13,EKEDIDXB1400
11,2024-01-06,GLA-DXB,Emirates,2024-01-06 20:00:00,427,379,True,False,25,EKGLADXB2000
12,2024-01-07,EDI-DXB,Emirates,2024-01-07 14:00:00,259,222,True,False,19,EKEDIDXB1400
13,2024-01-07,GLA-DXB,Emirates,2024-01-07 20:00:00,427,393,True,False,12,EKGLADXB2000
14,2024-01-08,EDI-DXB,Emirates,2024-01-08 14:00:00,259,237,False,False,7,EKEDIDXB1400
15,2024-01-08,GLA-DXB,Emirates,2024-01-08 20:00:00,427,381,False,False,22,EKGLADXB2000
16,2024-01-09,EDI-DXB,Emirates,2024-01-09 14:00:00,259,229,False,False,13,EKEDIDXB1400
17,2024-01-09,GLA-DXB,Emirates,2024-01-09 20:00:00,427,383,False,False,17,EKGLADXB2000
18,2024-01-10,EDI-DXB,Emirates,2024-01-10 14:00:00,259,223,False,False,25,EKEDIDXB1400
19,2024-01-10,GLA-DXB,Emirates,2024-01-10 20:00:00,427,382,False,False,26,EKGLADXB2000
20,2024-01-11,EDI-DXB,Emirates,2024-01-11 14:00:00,259,224,False,False,25,EKEDIDXB1400
21,2024-01-11,GLA-DXB,Emirates,2024-01-11 20:00:00,427,380,False,False,39,EKGLADXB2000
22,2024-01-12,EDI-DXB,Emirates,2024-01-12 14:00:00,259,229,False,False,15,EKEDIDXB1400
23,2024-01-12,GLA-DXB,Emirates,2024-01-12 20:00:00,427,392,False,False,21,EKGLADXB2000
24,2024-01-13,EDI-DXB,Emirates,2024-01-13 14:00:00,259,218,True,False,29,EKEDIDXB1400
25,2024-01-13,GLA-DXB,Emirates,2024-01-13 20:00:00,427,403,True,False,13,EKGLADXB2000
26,2024-01-14,EDI-DXB,Emirates,2024-01-14 14:00:00,259,225,True,False,16,EKEDIDXB1400
27,2024-01-14,GLA-DXB,Emirates,2024-01-14 20:00:00,427,381,True,False,29,EKGLADXB2000
28,2024-01-15,EDI-DXB,Emirates,2024-01-15 14:00:00,259,239,False,False,12,EKEDIDXB1400
29,2024-01-15,GLA-DXB,Emirates,2024-01-15 20:00:00,427,362,False,False,11,EKGLADXB2000
30,2024-01-16,EDI-DXB,Emirates,2024-01-16 14:00:00,259,224,False,False,13,EKEDIDXB1400
31,2024-01-16,GLA-DXB,Emirates,2024-01-16 20:00:00,427,383,False,False,17,EKGLADXB2000
32,2024-01-17,EDI-DXB,Emirates,2024-01-17 14:00:00,259,230,False,False,15,EKEDIDXB1400
33,2024-01-17,GLA-DXB,Emirates,2024-01-17 20:00:00,427,390,False,False,30,EKGLADXB2000
34,2024-01-18,EDI-DXB,Emirates,2024-01-18 14:00:00,259,224,False,False,18,EKEDIDXB1400
35,2024-01-18,GLA-DXB,Emirates,2024-01-18 20:00:00,427,382,False,False,34,EKGLADXB2000
36,2024-01-19,EDI-DXB,Emirates,2024-01-19 14:00:00,259,229,False,False,21,EKEDIDXB1400
37,2024-01-19,GLA-DXB,Emirates,2024-01-19 20:00:00,427,384,False,False,11,EKGLADXB2000
38,2024-01-20,EDI-DXB,Emirates,2024-01-20 14:00:00,259,221,True,False,8,EKEDIDXB1400
39,2024-01-20,GLA-DXB,Emirates,2024-01-20 20:00:00,427,385,True,False,32,EKGLADXB2000
40,2024-01-21,EDI-DXB,Emirates,2024-01-21 14:00:00,259,226,True,False,22,EKEDIDXB1400
41,2024-01-21,GLA-DXB,Emirates,2024-01-21 20:00:00,427,377,True,False,24,EKGLADXB2000
42,2024-01-22,EDI-DXB,Emirates,2024-01-22 14:00:00,259,222,False,False,8,EKEDIDXB1400
43,2024-01-22,GLA-DXB,Emirates,2024-01-22 20:00:00,427,366,False,False,10,EKGLADXB2000
44,2024-01-23,EDI-DXB,Emirates,2024-01-23 14:00:00,259,231,False,False,5,EKEDIDXB1400
45,2024-01-23,GLA-DXB,Emirates,2024-01-23 20:00:00,427,377,False,False,13,EKGLADXB2000
46,2024-01-24,EDI-DXB,Emirates,2024-01-24 14:00:00,259,224,False,False,16,EKEDIDXB1400
47,2024-01-24,GLA-DXB,Emirates,2024-01-24 20:00:00,427,382,False,False,11,EKGLADXB2000
48,2024-01-25,EDI-DXB,Emirates,2024-01-25 14:00:00,259,229,False,False,17,EKEDIDXB1400
49,2024-01-25,GLA-DXB,Emirates,2024-01-25 20:00:00,427,359,False,False,20,EKGLADXB2000
50,2024-01-26,EDI-DXB,Emirates,2024-01-26 14:00:00,259,225,False,False,19,EKEDIDXB1400
51,2024-01-26,GLA-DXB,Emirates,2024-01-26 20:00:00,427,380,False,False,12,EKGLADXB2000
52,2024-01-27,EDI-DXB,Emirates,2024-01-27 14:00:00,259,238,True,False,21,EKEDIDXB1400
53,2024-01-27,GLA-DXB,Emirates,2024-01-27 20:00:00,427,386,True,False,21,EKGLADXB2000
54,2024-01-28,EDI-DXB,Emirates,2024-01-28 14:00:00,259,218,True,False,12,EKEDIDXB1400
55,2024-01-28,GLA-DXB,Emirates,2024-01-28 20:00:00,427,388,True,False,29,EKGLADXB2000
56,2024-01-29,EDI-DXB,Emirates,2024-01-29 14:00:00,259,223,False,False,23,EKEDIDXB1400
57,2024-01-29,GLA-DXB,Emirates,2024-01-29 20:00:00,427,367,False,False,33,EKGLADXB2000
58,2024-01-30,EDI-DXB,Emirates,2024-01-30 14:00:00,259,235,False,False,6,EKEDIDXB1400
59,2024-01-30,GLA-DXB,Emirates,2024-01-30 20:00:00,427,354,False,False,30,EKGLADXB2000
60,2024-01-31,EDI-DXB,Emirates,2024-01-31 14:00:00,259,233,False,False,13,EKEDIDXB1400
61,2024-01-31,GLA-DXB,Emirates,2024-01-31 20:00:00,427,389,False,False,24,EKGLADXB2000
62,2024-02-01,EDI-DXB,Emirates,2024-02-01 14:00:00,259,222,False,False,19,EKEDIDXB1400
63,2024-02-01,GLA-DXB,Emirates,2024-02-01 20:00:00,427,379,False,False,36,EKGLADXB2000
64,2024-02-02,EDI-DXB,Emirates,2024-02-02 14:00:00,259,221,False,False,3,EKEDIDXB1400
65,2024-02-02,GLA-DXB,Emirates,2024-02-02 20:00:00,427,369,False,False,45,EKGLADXB2000
66,2024-02-03,EDI-DXB,Emirates,2024-02-03 14:00:00,259,224,True,False,25,EKEDIDXB1400
67,2024-02-03,GLA-DXB,Emirates,2024-02-03 20:00:00,427,370,True,False,37,EKGLADXB2000
68,2024-02-04,EDI-DXB,Emirates,2024-02-04 14:00:00,259,242,True,False,18,EKEDIDXB1400
69,2024-02-04,GLA-DXB,Emirates,2024-02-04 20:00:00,427,384,True,False,11,EKGLADXB2000
70,2024-02-05,EDI-DXB,Emirates,2024-02-05 14:00:00,259,223,False,False,16,EKEDIDXB1400
71,2024-02-05,GLA-DXB,Emirates,2024-02-05 20:00:00,427,396,False,False,21,EKGLADXB2000
72,2024-02-06,EDI-DXB,Emirates,2024-02-06 14:00:00,259,224,False,False,3,EKEDIDXB1400
73,2024-02-06,GLA-DXB,Emirates,2024-02-06 20:00:00,427,363,False,False,11,EKGLADXB2000
74,2024-02-07,EDI-DXB,Emirates,2024-02-07 14:00:00,259,216,False,False,10,EKEDIDXB1400
75,2024-02-07,GLA-DXB,Emirates,2024-02-07 20:00:00,427,371,False,False,7,EKGLADXB2000
76,2024-02-08,EDI-DXB,Emirates,2024-02-08 14:00:00,259,219,False,False,15,EKEDIDXB1400
77,2024-02-08,GLA-DXB,Emirates,2024-02-08 20:00:00,427,373,False,False,19,EKGLADXB2000
78,2024-02-09,EDI-DXB,Emirates,2024-02-09 14:00:00,259,230,False,False,4,EKEDIDXB1400
79,2024-02-09,GLA-DXB,Emirates,2024-02-09 20:00:00,427,381,False,False,17,EKGLADXB2000
80,2024-02-10,EDI-DXB,Emirates,2024-02-10 14:00:00,259,229,True,False,3,EKEDIDXB1400
81,2024-02-10,GLA-DXB,Emirates,2024-02-10 20:00:00,427,386,True,False,31,EKGLADXB2000
82,2024-02-11,EDI-DXB,Emirates,2024-02-11 14:00:00,259,241,True,False,9,EKEDIDXB1400
83,2024-02-11,GLA-DXB,Emirates,2024-02-11 20:00:00,427,393,True,False,15,EKGLADXB2000
84,2024-02-12,EDI-DXB,Emirates,2024-02-12 14:00:00,259,240,False,False,23,EKEDIDXB1400
85,2024-02-12,GLA-DXB,Emirates,2024-02-12 20:00:00,427,386,False,False,19,EKGLADXB2000
86,2024-02-13,EDI-DXB,Emirates,2024-02-13 14:00:00,259,235,False,False,4,EKEDIDXB1400
87,2024-02-13,GLA-DXB,Emirates,2024-02-13 20:00:00,427,380,False,False,34,EKGLADXB2000
88,2024-02-14,EDI-DXB,Emirates,2024-02-14 14:00:00,259,225,False,False,30,EKEDIDXB1400
89,2024-02-14,GLA-DXB,Emirates,2024-02-14 20:00:00,427,363,False,False,15,EKGLADXB2000
90,2024-02-15,EDI-DXB,Emirates,2024-02-15 14:00:00,259,234,False,False,26,EKEDIDXB1400
91,2024-02-15,GLA-DXB,Emirates,2024-02-15 20:00:00,427,379,False,False,9,EKGLADXB2000
92,2024-02-16,EDI-DXB,Emirates,2024-02-16 14:00:00,259,237,False,False,10,EKEDIDXB1400
93,2024-02-16,GLA-DXB,Emirates,2024-02-16 20:00:00,427,395,False,False,19,EKGLADXB2000
94,2024-02-17,EDI-DXB,Emirates,2024-02-17 14:00:00,259,233,True,False,29,EKEDIDXB1400
95,2024-02-17,GLA-DXB,Emirates,2024-02-17 20:00:00,427,378,True,False,17,EKGLADXB2000
96,2024-02-18,EDI-DXB,Emirates,2024-02-18 14:00:00,259,249,True,False,29,EKEDIDXB1400
97,2024-02-18,GLA-DXB,Emirates,2024-02-18 20:00:00,427,381,True,False,19,EKGLADXB2000
98,2024-02-19,EDI-DXB,Emirates,2024-02-19 14:00:00,259,242,False,False,13,EKEDIDXB1400
99,2024-02-19,GLA-DXB,Emirates,2024-02-19 20:00:00,427,396,False,False,29,EKGLADXB2000
100,2024-02-20,EDI-DXB,Emirates,2024-02-20 14:00:00,259,218,False,False,11,EKEDIDXB1400
101,2024-02-20,GLA-DXB,Emirates,2024-02-20 20:00:00,427,380,False,False,27,EKGLADXB2000
102,2024-02-21,EDI-DXB,Emirates,2024-02-21 14:00:00,259,239,False,False,17,EKEDIDXB1400
103,2024-02-21,GLA-DXB,Emirates,2024-02-21 20:00:00,427,344,False,False,21,EKGLADXB2000
104,2024-02-22,EDI-DXB,Emirates,2024-02-22 14:00:00,259,220,False,False,6,EKEDIDXB1400
105,2024-02-22,GLA-DXB,Emirates,2024-02-22 20:00:00,427,373,False,False,18,EKGLADXB2000
106,2024-02-23,EDI-DXB,Emirates,2024-02-23 14:00:00,259,226,False,False,35,EKEDIDXB1400
107,2024-02-23,GLA-DXB,Emirates,2024-02-23 20:00:00,427,351,False,False,9,EKGLADXB2000
108,2024-02-24,EDI-DXB,Emirates,2024-02-24 14:00:00,259,236,True,False,26,EKEDIDXB1400
109,2024-02-24,GLA-DXB,Emirates,2024-02-24 20:00:00,427,384,True,False,22,EKGLADXB2000
110,2024-02-25,EDI-DXB,Emirates,2024-02-25 14:00:00,259,235,True,False,14,EKEDIDXB1400
111,2024-02-25,GLA-DXB,Emirates,2024-02-25 20:00:00,427,369,True,False,20,EKGLADXB2000
112,2024-02-26,EDI-DXB,Emirates,2024-02-26 14:00:00,259,235,False,False,11,EKEDIDXB1400
113,2024-02-26,GLA-DXB,Emirates,2024-02-26 20:00:00,427,390,False,False,9,EKGLADXB2000
114,2024-02-27,EDI-DXB,Emirates,2024-02-27 14:00:00,259,235,False,False,14,EKEDIDXB1400
115,2024-02-27,GLA-DXB,Emirates,2024-02-27 20:00:00,427,388,False,False,31,EKGLADXB2000
116,2024-02-28,EDI-DXB,Emirates,2024-02-28 14:00:00,259,231,False,False,18,EKEDIDXB1400
117,2024-02-28,GLA-DXB,Emirates,2024-02-28 20:00:00,427,383,False,False,5,EKGLADXB2000
118,2024-02-29,EDI-DXB,Emirates,2024-02-29 14:00:00,259,227,False,False,23,EKEDIDXB1400
119,2024-02-29,GLA-DXB,Emirates,2024-02-29 20:00:00,427,354,False,False,18,EKGLADXB2000
120,2024-03-01,EDI-DXB,Emirates,2024-03-01 14:00:00,259,233,False,False,7,EKEDIDXB1400
121,2024-03-01,GLA-DXB,Emirates,2024-03-01 20:00:00,427,385,False,False,26,EKGLADXB2000
122,2024-03-02,EDI-DXB,Emirates,2024-03-02 14:00:00,259,217,True,False,17,EKEDIDXB1400
123,2024-03-02,GLA-DXB,Emirates,2024-03-02 20:00:00,427,402,True,False,23,EKGLADXB2000
124,2024-03-03,EDI-DXB,Emirates,2024-03-03 14:00:00,259,229,True,False,13,EKEDIDXB1400
125,2024-03-03,GLA-DXB,Emirates,2024-03-03 20:00:00,427,378,True,False,12,EKGLADXB2000
126,2024-03-04,EDI-DXB,Emirates,2024-03-04 14:00:00,259,233,False,False,12,EKEDIDXB1400
127,2024-03-04,GLA-DXB,Emirates,2024-03-04 20:00:00,427,352,False,False,20,EKGLADXB2000
128,2024-03-05,EDI-DXB,Emirates,2024-03-05 14:00:00,259,244,False,False,7,EKEDIDXB1400
129,2024-03-05,GLA-DXB,Emirates,2024-03-05 20:00:00,427,365,False,False,27,EKGLADXB2000
130,2024-03-06,EDI-DXB,Emirates,2024-03-06 14:00:00,259,233,False,False,7,EKEDIDXB1400
131,2024-03-06,GLA-DXB,Emirates,2024-03-06 20:00:00,427,371,False,False,12,EKGLADXB2000
132,2024-03-07,EDI-DXB,Emirates,2024-03-07 14:00:00,259,217,False,False,1,EKEDIDXB1400
133,2024-03-07,GLA-DXB,Emirates,2024-03-07 20:00:00,427,368,False,False,21,EKGLADXB2000
134,2024-03-08,EDI-DXB,Emirates,2024-03-08 14:00:00,259,228,False,False,23,EKEDIDXB1400
135,2024-03-08,GLA-DXB,Emirates,2024-03-08 20:00:00,427,379,False,False,11,EKGLADXB2000
136,2024-03-09,EDI-DXB,Emirates,2024-03-09 14:00:00,259,231,True,False,23,EKEDIDXB1400
137,2024-03-09,GLA-DXB,Emirates,2024-03-09 20:00:00,427,372,True,False,26,EKGLADXB2000
138,2024-03-10,EDI-DXB,Emirates,2024-03-10 14:00:00,259,231,True,False,7,EKEDIDXB1400
139,2024-03-10,GLA-DXB,Emirates,2024-03-10 20:00:00,427,388,True,False,27,EKGLADXB2000
140,2024-03-11,EDI-DXB,Emirates,2024-03-11 14:00:00,259,227,False,False,16,EKEDIDXB1400
141,2024-03-11,GLA-DXB,Emirates,2024-03-11 20:00:00,427,377,False,False,26,EKGLADXB2000
142,2024-03-12,EDI-DXB,Emirates,2024-03-12 14:00:00,259,225,False,False,27,EKEDIDXB1400
143,2024-03-12,GLA-DXB,Emirates,2024-03-12 20:00:00,427,383,False,False,21,EKGLADXB2000
144,2024-03-13,EDI-DXB,Emirates,2024-03-13 14:00:00,259,240,False,False,26,EKEDIDXB1400
145,2024-03-13,GLA-DXB,Emirates,2024-03-13 20:00:00,427,388,False,False,17,EKGLADXB2000
146,2024-03-14,EDI-DXB,Emirates,2024-03-14 14:00:00,259,231,False,False,24,EKEDIDXB1400
147,2024-03-14,GLA-DXB,Emirates,2024-03-14 20:00:00,427,372,False,False,15,EKGLADXB2000
148,2024-03-15,EDI-DXB,Emirates,2024-03-15 14:00:00,259,226,False,False,10,EKEDIDXB1400
149,2024-03-15,GLA-DXB,Emirates,2024-03-15 20:00:00,427,380,False,False,8,EKGLADXB2000
150,2024-03-16,EDI-DXB,Emirates,2024-03-16 14:00:00,259,235,True,False,34,EKEDIDXB1400
151,2024-03-16,GLA-DXB,Emirates,2024-03-16 20:00:00,427,379,True,False,10,EKGLADXB2000
152,2024-03-17,EDI-DXB,Emirates,2024-03-17 14:00:00,259,234,True,False,8,EKEDIDXB1400
153,2024-03-17,GLA-DXB,Emirates,2024-03-17 20:00:00,427,391,True,False,20,EKGLADXB2000
154,2024-03-18,EDI-DXB,Emirates,2024-03-18 14:00:00,259,243,False,False,5,EKEDIDXB1400
155,2024-03-18,GLA-DXB,Emirates,2024-03-18 20:00:00,427,354,False,False,10,EKGLADXB2000
156,2024-03-19,EDI-DXB,Emirates,2024-03-19 14:00:00,259,229,False,False,8,EKEDIDXB1400
157,2024-03-19,GLA-DXB,Emirates,2024-03-19 20:00:00,427,371,False,False,24,EKGLADXB2000
158,2024-03-20,EDI-DXB,Emirates,2024-03-20 14:00:00,259,226,False,False,5,EKEDIDXB1400
159,2024-03-20,GLA-DXB,Emirates,2024-03-20 20:00:00,427,374,False,False,22,EKGLADXB2000
160,2024-03-21,EDI-DXB,Emirates,2024-03-21 14:00:00,259,226,False,False,12,EKEDIDXB1400
161,2024-03-21,GLA-DXB,Emirates,2024-03-21 20:00:00,427,357,False,False,28,EKGLADXB2000
162,2024-03-22,EDI-DXB,Emirates,2024-03-22 14:00:00,259,234,False,False,11,EKEDIDXB1400
163,2024-03-22,GLA-DXB,Emirates,2024-03-22 20:00:00,427,370,False,False,29,EKGLADXB2000
164,2024-03-23,EDI-DXB,Emirates,2024-03-23 14:00:00,259,244,True,False,26,EKEDIDXB1400
165,2024-03-23,GLA-DXB,Emirates,2024-03-23 20:00:00,427,400,True,False,19,EKGLADXB2000
166,2024-03-24,EDI-DXB,Emirates,2024-03-24 14:00:00,259,233,True,False,22,EKEDIDXB1400
167,2024-03-24,GLA-DXB,Emirates,2024-03-24 20:00:00,427,377,True,False,24,EKGLADXB2000
168,2024-03-25,EDI-DXB,Emirates,2024-03-25 14:00:00,259,239,False,False,28,EKEDIDXB1400
169,2024-03-25,GLA-DXB,Emirates,2024-03-25 20:00:00,427,372,False,False,18,EKGLADXB2000
170,2024-03-26,EDI-DXB,Emirates,2024-03-26 14:00:00,259,226,False,False,15,EKEDIDXB1400
171,2024-03-26,GLA-DXB,Emirates,2024-03-26 20:00:00,427,378,False,False,25,EKGLADXB2000
172,2024-03-27,EDI-DXB,Emirates,2024-03-27 14:00:00,259,241,False,False,20,EKEDIDXB1400
173,2024-03-27,GLA-DXB,Emirates,2024-03-27 20:00:00,427,354,False,False,19,EKGLADXB2000
174,2024-03-28,EDI-DXB,Emirates,2024-03-28 14:00:00,259,231,False,False,16,EKEDIDXB1400
175,2024-03-28,GLA-DXB,Emirates,2024-03-28 20:00:00,427,377,False,False,40,EKGLADXB2000
176,2024-03-29,EDI-DXB,Emirates,2024-03-29 14:00:00,259,238,False,True,40,EKEDIDXB1400
177,2024-03-29,GLA-DXB,Emirates,2024-03-29 20:00:00,427,398,False,True,35,EKGLADXB2000
178,2024-03-30,EDI-DXB,Emirates,2024-03-30 14:00:00,259,227,True,True,41,EKEDIDXB1400
179,2024-03-30,GLA-DXB,Emirates,2024-03-30 20:00:00,427,379,True,True,36,EKGLADXB2000
180,2024-03-31,EDI-DXB,Emirates,2024-03-31 14:00:00,259,225,True,True,40,EKEDIDXB1400
181,2024-03-31,GLA-DXB,Emirates,2024-03-31 20:00:00,427,394,True,True,36,EKGLADXB2000
182,2024-04-01,EDI-DXB,Emirates,2024-04-01 14:00:00,259,233,False,True,20,EKEDIDXB1400
183,2024-04-01,GLA-DXB,Emirates,2024-04-01 20:00:00,427,367,False,True,28,EKGLADXB2000
184,2024-04-02,EDI-DXB,Emirates,2024-04-02 14:00:00,259,229,False,True,26,EKEDIDXB1400
185,2024-04-02,GLA-DXB,Emirates,2024-04-02 20:00:00,427,387,False,True,28,EKGLADXB2000
186,2024-04-03,EDI-DXB,Emirates,2024-04-03 14:00:00,259,229,False,True,19,EKEDIDXB1400
187,2024-04-03,GLA-DXB,Emirates,2024-04-03 20:00:00,427,365,False,True,42,EKGLADXB2000
188,2024-04-04,EDI-DXB,Emirates,2024-04-04 14:00:00,259,230,False,True,46,EKEDIDXB1400
189,2024-04-04,GLA-DXB,Emirates,2024-04-04 20:00:00,427,370,False,True,20,EKGLADXB2000
190,2024-04-05,EDI-DXB,Emirates,2024-04-05 14:00:00,259,233,False,True,25,EKEDIDXB1400
191,2024-04-05,GLA-DXB,Emirates,2024-04-05 20:00:00,427,382,False,True,27,EKGLADXB2000
192,2024-04-06,EDI-DXB,Emirates,2024-04-06 14:00:00,259,226,True,True,22,EKEDIDXB1400
193,2024-04-06,GLA-DXB,Emirates,2024-04-06 20:00:00,427,391,True,True,42,EKGLADXB2000
194,2024-04-07,EDI-DXB,Emirates,2024-04-07 14:00:00,259,232,True,True,39,EKEDIDXB1400
195,2024-04-07,GLA-DXB,Emirates,2024-04-07 20:00:00,427,380,True,True,50,EKGLADXB2000
196,2024-04-08,EDI-DXB,Emirates,2024-04-08 14:00:00,259,231,False,True,28,EKEDIDXB1400
197,2024-04-08,GLA-DXB,Emirates,2024-04-08 20:00:00,427,386,False,True,23,EKGLADXB2000
198,2024-04-09,EDI-DXB,Emirates,2024-04-09 14:00:00,259,219,False,True,23,EKEDIDXB1400
199,2024-04-09,GLA-DXB,Emirates,2024-04-09 20:00:00,427,374,False,True,30,EKGLADXB2000
200,2024-04-10,EDI-DXB,Emirates,2024-04-10 14:00:00,259,229,False,True,37,EKEDIDXB1400
201,2024-04-10,GLA-DXB,Emirates,2024-04-10 20:00:00,427,394,False,True,46,EKGLADXB2000
202,2024-04-11,EDI-DXB,Emirates,2024-04-11 14:00:00,259,232,False,True,43,EKEDIDXB1400
203,2024-04-11,GLA-DXB,Emirates,2024-04-11 20:00:00,427,365,False,True,38,EKGLADXB2000
204,2024-04-12,EDI-DXB,Emirates,2024-04-12 14:00:00,259,220,False,True,44,EKEDIDXB1400
205,2024-04-12,GLA-DXB,Emirates,2024-04-12 20:00:00,427,357,False,True,23,EKGLADXB2000
206,2024-04-13,EDI-DXB,Emirates,2024-04-13 14:00:00,259,231,True,True,25,EKEDIDXB1400
207,2024-04-13,GLA-DXB,Emirates,2024-04-13 20:00:00,427,371,True,True,33,EKGLADXB2000
208,2024-04-14,EDI-DXB,Emirates,2024-04-14 14:00:00,259,235,True,True,30,EKEDIDXB1400
209,2024-04-14,GLA-DXB,Emirates,2024-04-14 20:00:00,427,381,True,True,36,EKGLADXB2000
210,2024-04-15,EDI-DXB,Emirates,2024-04-15 14:00:00,259,240,False,False,28,EKEDIDXB1400
211,2024-04-15,GLA-DXB,Emirates,2024-04-15 20:00:00,427,392,False,False,16,EKGLADXB2000
212,2024-04-16,EDI-DXB,Emirates,2024-04-16 14:00:00,259,234,False,False,29,EKEDIDXB1400
213,2024-04-16,GLA-DXB,Emirates,2024-04-16 20:00:00,427,393,False,False,18,EKGLADXB2000
214,2024-04-17,EDI-DXB,Emirates,2024-04-17 14:00:00,259,233,False,False,24,EKEDIDXB1400
215,2024-04-17,GLA-DXB,Emirates,2024-04-17 20:00:00,427,368,False,False,19,EKGLADXB2000
216,2024-04-18,EDI-DXB,Emirates,2024-04-18 14:00:00,259,236,False,False,11,EKEDIDXB1400
217,2024-04-18,GLA-DXB,Emirates,2024-04-18 20:00:00,427,389,False,False,17,EKGLADXB2000
218,2024-04-19,EDI-DXB,Emirates,2024-04-19 14:00:00,259,224,False,False,7,EKEDIDXB1400
219,2024-04-19,GLA-DXB,Emirates,2024-04-19 20:00:00,427,373,False,False,28,EKGLADXB2000
220,2024-04-20,EDI-DXB,Emirates,2024-04-20 14:00:00,259,238,True,False,9,EKEDIDXB1400
221,2024-04-20,GLA-DXB,Emirates,2024-04-20 20:00:00,427,392,True,False,17,EKGLADXB2000
222,2024-04-21,EDI-DXB,Emirates,2024-04-21 14:00:00,259,233,True,False,4,EKEDIDXB1400
223,2024-04-21,GLA-DXB,Emirates,2024-04-21 20:00:00,427,389,True,False,23,EKGLADXB2000
224,2024-04-22,EDI-DXB,Emirates,2024-04-22 14:00:00,259,227,False,False,6,EKEDIDXB1400
225,2024-04-22,GLA-DXB,Emirates,2024-04-22 20:00:00,427,352,False,False,23,EKGLADXB2000
226,2024-04-23,EDI-DXB,Emirates,2024-04-23 14:00:00,259,228,False,False,24,EKEDIDXB1400
227,2024-04-23,GLA-DXB,Emirates,2024-04-23 20:00:00,427,364,False,False,30,EKGLADXB2000
228,2024-04-24,EDI-DXB,Emirates,2024-04-24 14:00:00,259,222,False,False,25,EKEDIDXB1400
229,2024-04-24,GLA-DXB,Emirates,2024-04-24 20:00:00,427,369,False,False,20,EKGLADXB2000
230,2024-04-25,EDI-DXB,Emirates,2024-04-25 14:00:00,259,226,False,False,29,EKEDIDXB1400
231,2024-04-25,GLA-DXB,Emirates,2024-04-25 20:00:00,427,372,False,False,17,EKGLADXB2000
232,2024-04-26,EDI-DXB,Emirates,2024-04-26 14:00:00,259,219,False,False,26,EKEDIDXB1400
233,2024-04-26,GLA-DXB,Emirates,2024-04-26 20:00:00,427,386,False,False,15,EKGLADXB2000
234,2024-04-27,EDI-DXB,Emirates,2024-04-27 14:00:00,259,236,True,False,5,EKEDIDXB1400
235,2024-04-27,GLA-DXB,Emirates,2024-04-27 20:00:00,427,367,True,False,30,EKGLADXB2000
236,2024-04-28,EDI-DXB,Emirates,2024-04-28 14:00:00,259,233,True,False,5,EKEDIDXB1400
237,2024-04-28,GLA-DXB,Emirates,2024-04-28 20:00:00,427,405,True,False,7,EKGLADXB2000
238,2024-04-29,EDI-DXB,Emirates,2024-04-29 14:00:00,259,221,False,False,11,EKEDIDXB1400
239,2024-04-29,GLA-DXB,Emirates,2024-04-29 20:00:00,427,409,False,False,26,EKGLADXB2000
240,2024-04-30,EDI-DXB,Emirates,2024-04-30 14:00:00,259,237,False,False,27,EKEDIDXB1400
241,2024-04-30,GLA-DXB,Emirates,2024-04-30 20:00:00,427,380,False,False,29,EKGLADXB2000
242,2024-05-01,EDI-DXB,Emirates,2024-05-01 14:00:00,259,222,False,False,4,EKEDIDXB1400
243,2024-05-01,GLA-DXB,Emirates,2024-05-01 20:00:00,427,348,False,False,38,EKGLADXB2000
244,2024-05-02,EDI-DXB,Emirates,2024-05-02 14:00:00,259,220,False,False,15,EKEDIDXB1400
245,2024-05-02,GLA-DXB,Emirates,2024-05-02 20:00:00,427,377,False,False,21,EKGLADXB2000
246,2024-05-03,EDI-DXB,Emirates,2024-05-03 14:00:00,259,235,False,False,23,EKEDIDXB1400
247,2024-05-03,GLA-DXB,Emirates,2024-05-03 20:00:00,427,375,False,False,24,EKGLADXB2000
248,2024-05-04,EDI-DXB,Emirates,2024-05-04 14:00:00,259,228,True,False,30,EKEDIDXB1400
249,2024-05-04,GLA-DXB,Emirates,2024-05-04 20:00:00,427,386,True,False,24,EKGLADXB2000
250,2024-05-05,EDI-DXB,Emirates,2024-05-05 14:00:00,259,221,True,False,21,EKEDIDXB1400
251,2024-05-05,GLA-DXB,Emirates,2024-05-05 20:00:00,427,390,True,False,32,EKGLADXB2000
252,2024-05-06,EDI-DXB,Emirates,2024-05-06 14:00:00,259,241,False,False,6,EKEDIDXB1400
253,2024-05-06,GLA-DXB,Emirates,2024-05-06 20:00:00,427,391,False,False,20,EKGLADXB2000
254,2024-05-07,EDI-DXB,Emirates,2024-05-07 14:00:00,259,220,False,False,16,EKEDIDXB1400
255,2024-05-07,GLA-DXB,Emirates,2024-05-07 20:00:00,427,355,False,False,22,EKGLADXB2000
256,2024-05-08,EDI-DXB,Emirates,2024-05-08 14:00:00,259,221,False,False,12,EKEDIDXB1400
257,2024-05-08,GLA-DXB,Emirates,2024-05-08 20:00:00,427,379,False,False,20,EKGLADXB2000
258,2024-05-09,EDI-DXB,Emirates,2024-05-09 14:00:00,259,225,False,False,11,EKEDIDXB1400
259,2024-05-09,GLA-DXB,Emirates,2024-05-09 20:00:00,427,380,False,False,32,EKGLADXB2000
260,2024-05-10,EDI-DXB,Emirates,2024-05-10 14:00:00,259,222,False,False,13,EKEDIDXB1400
261,2024-05-10,GLA-DXB,Emirates,2024-05-10 20:00:00,427,381,False,False,18,EKGLADXB2000
262,2024-05-11,EDI-DXB,Emirates,2024-05-11 14:00:00,259,233,True,False,4,EKEDIDXB1400
263,2024-05-11,GLA-DXB,Emirates,2024-05-11 20:00:00,427,376,True,False,24,EKGLADXB2000
264,2024-05-12,EDI-DXB,Emirates,2024-05-12 14:00:00,259,226,True,False,14,EKEDIDXB1400
265,2024-05-12,GLA-DXB,Emirates,2024-05-12 20:00:00,427,389,True,False,28,EKGLADXB2000
266,2024-05-13,EDI-DXB,Emirates,2024-05-13 14:00:00,259,245,False,False,19,EKEDIDXB1400
267,2024-05-13,GLA-DXB,Emirates,2024-05-13 20:00:00,427,381,False,False,19,EKGLADXB2000
268,2024-05-14,EDI-DXB,Emirates,2024-05-14 14:00:00,259,228,False,False,10,EKEDIDXB1400
269,2024-05-14,GLA-DXB,Emirates,2024-05-14 20:00:00,427,367,False,False,20,EKGLADXB2000
270,2024-05-15,EDI-DXB,Emirates,2024-05-15 14:00:00,259,224,False,False,18,EKEDIDXB1400
271,2024-05-15,GLA-DXB,Emirates,2024-05-15 20:00:00,427,388,False,False,30,EKGLADXB2000
272,2024-05-16,EDI-DXB,Emirates,2024-05-16 14:00:00,259,236,False,False,14,EKEDIDXB1400
273,2024-05-16,GLA-DXB,Emirates,2024-05-16 20:00:00,427,352,False,False,6,EKGLADXB2000
274,2024-05-17,EDI-DXB,Emirates,2024-05-17 14:00:00,259,233,False,False,15,EKEDIDXB1400
275,2024-05-17,GLA-DXB,Emirates,2024-05-17 20:00:00,427,371,False,False,29,EKGLADXB2000
276,2024-05-18,EDI-DXB,Emirates,2024-05-18 14:00:00,259,227,True,False,5,EKEDIDXB1400
277,2024-05-18,GLA-DXB,Emirates,2024-05-18 20:00:00,427,376,True,False,21,EKGLADXB2000
278,2024-05-19,EDI-DXB,Emirates,2024-05-19 14:00:00,259,236,True,False,13,EKEDIDXB1400
279,2024-05-19,GLA-DXB,Emirates,2024-05-19 20:00:00,427,377,True,False,22,EKGLADXB2000
280,2024-05-20,EDI-DXB,Emirates,2024-05-20 14:00:00,259,225,False,False,8,EKEDIDXB1400
281,2024-05-20,GLA-DXB,Emirates,2024-05-20 20:00:00,427,384,False,False,24,EKGLADXB2000
282,2024-05-21,EDI-DXB,Emirates,2024-05-21 14:00:00,259,217,False,False,9,EKEDIDXB1400
283,2024-05-21,GLA-DXB,Emirates,2024-05-21 20:00:00,427,395,False,False,12,EKGLADXB2000
284,2024-05-22,EDI-DXB,Emirates,2024-05-22 14:00:00,259,228,False,False,7,EKEDIDXB1400
285,2024-05-22,GLA-DXB,Emirates,2024-05-22 20:00:00,427,390,False,False,16,EKGLADXB2000
286,2024-05-23,EDI-DXB,Emirates,2024-05-23 14:00:00,259,222,False,False,24,EKEDIDXB1400
287,2024-05-23,GLA-DXB,Emirates,2024-05-23 20:00:00,427,378,False,False,7,EKGLADXB2000
288,2024-05-24,EDI-DXB,Emirates,2024-05-24 14:00:00,259,236,False,False,27,EKEDIDXB1400
289,2024-05-24,GLA-DXB,Emirates,2024-05-24 20:00:00,427,372,False,False,36,EKGLADXB2000
290,2024-05-25,EDI-DXB,Emirates,2024-05-25 14:00:00,259,236,True,False,18,EKEDIDXB1400
291,2024-05-25,GLA-DXB,Emirates,2024-05-25 20:00:00,427,376,True,False,9,EKGLADXB2000
292,2024-05-26,EDI-DXB,Emirates,2024-05-26 14:00:00,259,249,True,False,16,EKEDIDXB1400
293,2024-05-26,GLA-DXB,Emirates,2024-05-26 20:00:00,427,375,True,False,26,EKGLADXB2000
294,2024-05-27,EDI-DXB,Emirates,2024-05-27 14:00:00,259,222,False,False,6,EKEDIDXB1400
295,2024-05-27,GLA-DXB,Emirates,2024-05-27 20:00:00,427,371,False,False,11,EKGLADXB2000
296,2024-05-28,EDI-DXB,Emirates,2024-05-28 14:00:00,259,215,False,False,7,EKEDIDXB1400
297,2024-05-28,GLA-DXB,Emirates,2024-05-28 20:00:00,427,381,False,False,20,EKGLADXB2000
298,2024-05-29,EDI-DXB,Emirates,2024-05-29 14:00:00,259,225,False,False,27,EKEDIDXB1400
299,2024-05-29,GLA-DXB,Emirates,2024-05-29 20:00:00,427,380,False,False,34,EKGLADXB2000
300,2024-05-30,EDI-DXB,Emirates,2024-05-30 14:00:00,259,226,False,False,4,EKEDIDXB1400
301,2024-05-30,GLA-DXB,Emirates,2024-05-30 20:00:00,427,356,False,False,33,EKGLADXB2000
302,2024-05-31,EDI-DXB,Emirates,2024-05-31 14:00:00,259,244,False,False,6,EKEDIDXB1400
303,2024-05-31,GLA-DXB,Emirates,2024-05-31 20:00:00,427,365,False,False,12,EKGLADXB2000
304,2024-06-01,EDI-DXB,Emirates,2024-06-01 14:00:00,259,224,True,False,12,EKEDIDXB1400
305,2024-06-01,GLA-DXB,Emirates,2024-06-01 20:00:00,427,407,True,False,11,EKGLADXB2000
306,2024-06-02,EDI-DXB,Emirates,2024-06-02 14:00:00,259,235,True,False,17,EKEDIDXB1400
307,2024-06-02,GLA-DXB,Emirates,2024-06-02 20:00:00,427,387,True,False,17,EKGLADXB2000
308,2024-06-03,EDI-DXB,Emirates,2024-06-03 14:00:00,259,216,False,False,21,EKEDIDXB1400
309,2024-06-03,GLA-DXB,Emirates,2024-06-03 20:00:00,427,397,False,False,13,EKGLADXB2000
310,2024-06-04,EDI-DXB,Emirates,2024-06-04 14:00:00,259,228,False,False,25,EKEDIDXB1400
311,2024-06-04,GLA-DXB,Emirates,2024-06-04 20:00:00,427,379,False,False,20,EKGLADXB2000
312,2024-06-05,EDI-DXB,Emirates,2024-06-05 14:00:00,259,221,False,False,4,EKEDIDXB1400
313,2024-06-05,GLA-DXB,Emirates,2024-06-05 20:00:00,427,369,False,False,19,EKGLADXB2000
314,2024-06-06,EDI-DXB,Emirates,2024-06-06 14:00:00,259,234,False,False,13,EKEDIDXB1400
315,2024-06-06,GLA-DXB,Emirates,2024-06-06 20:00:00,427,369,False,False,17,EKGLADXB2000
316,2024-06-07,EDI-DXB,Emirates,2024-06-07 14:00:00,259,236,False,False,27,EKEDIDXB1400
317,2024-06-07,GLA-DXB,Emirates,2024-06-07 20:00:00,427,367,False,False,11,EKGLADXB2000
318,2024-06-08,EDI-DXB,Emirates,2024-06-08 14:00:00,259,240,True,False,24,EKEDIDXB1400
319,2024-06-08,GLA-DXB,Emirates,2024-06-08 20:00:00,427,397,True,False,17,EKGLADXB2000
320,2024-06-09,EDI-DXB,Emirates,2024-06-09 14:00:00,259,248,True,False,25,EKEDIDXB1400
321,2024-06-09,GLA-DXB,Emirates,2024-06-09 20:00:00,427,400,True,False,42,EKGLADXB2000
322,2024-06-10,EDI-DXB,Emirates,2024-06-10 14:00:00,259,226,False,False,18,EKEDIDXB1400
323,2024-06-10,GLA-DXB,Emirates,2024-06-10 20:00:00,427,359,False,False,27,EKGLADXB2000
324,2024-06-11,EDI-DXB,Emirates,2024-06-11 14:00:00,259,228,False,False,4,EKEDIDXB1400
325,2024-06-11,GLA-DXB,Emirates,2024-06-11 20:00:00,427,389,False,False,30,EKGLADXB2000
326,2024-06-12,EDI-DXB,Emirates,2024-06-12 14:00:00,259,231,False,False,24,EKEDIDXB1400
327,2024-06-12,GLA-DXB,Emirates,2024-06-12 20:00:00,427,399,False,False,27,EKGLADXB2000
328,2024-06-13,EDI-DXB,Emirates,2024-06-13 14:00:00,259,229,False,False,26,EKEDIDXB1400
329,2024-06-13,GLA-DXB,Emirates,2024-06-13 20:00:00,427,387,False,False,20,EKGLADXB2000
330,2024-06-14,EDI-DXB,Emirates,2024-06-14 14:00:00,259,236,False,False,14,EKEDIDXB1400
331,2024-06-14,GLA-DXB,Emirates,2024-06-14 20:00:00,427,374,False,False,9,EKGLADXB2000
332,2024-06-15,EDI-DXB,Emirates,2024-06-15 14:00:00,259,248,True,False,18,EKEDIDXB1400
333,2024-06-15,GLA-DXB,Emirates,2024-06-15 20:00:00,427,375,True,False,34,EKGLADXB2000
334,2024-06-16,EDI-DXB,Emirates,2024-06-16 14:00:00,259,238,True,False,22,EKEDIDXB1400
335,2024-06-16,GLA-DXB,Emirates,2024-06-16 20:00:00,427,379,True,False,27,EKGLADXB2000
336,2024-06-17,EDI-DXB,Emirates,2024-06-17 14:00:00,259,218,False,False,21,EKEDIDXB1400
337,2024-06-17,GLA-DXB,Emirates,2024-06-17 20:00:00,427,369,False,False,14,EKGLADXB2000
338,2024-06-18,EDI-DXB,Emirates,2024-06-18 14:00:00,259,234,False,False,8,EKEDIDXB1400
339,2024-06-18,GLA-DXB,Emirates,2024-06-18 20:00:00,427,381,False,False,10,EKGLADXB2000
340,2024-06-19,EDI-DXB,Emirates,2024-06-19 14:00:00,259,227,False,False,27,EKEDIDXB1400
341,2024-06-19,GLA-DXB,Emirates,2024-06-19 20:00:00,427,385,False,False,34,EKGLADXB2000
342,2024-06-20,EDI-DXB,Emirates,2024-06-20 14:00:00,259,242,False,False,9,EKEDIDXB1400
343,2024-06-20,GLA-DXB,Emirates,2024-06-20 20:00:00,427,381,False,False,20,EKGLADXB2000
344,2024-06-21,EDI-DXB,Emirates,2024-06-21 14:00:00,259,230,False,False,24,EKEDIDXB1400
345,2024-06-21,GLA-DXB,Emirates,2024-06-21 20:00:00,427,386,False,False,28,EKGLADXB2000
346,2024-06-22,EDI-DXB,Emirates,2024-06-22 14:00:00,259,228,True,False,31,EKEDIDXB1400
347,2024-06-22,GLA-DXB,Emirates,2024-06-22 20:00:00,427,382,True,False,14,EKGLADXB2000
348,2024-06-23,EDI-DXB,Emirates,2024-06-23 14:00:00,259,238,True,False,31,EKEDIDXB1400
349,2024-06-23,GLA-DXB,Emirates,2024-06-23 20:00:00,427,370,True,False,19,EKGLADXB2000
350,2024-06-24,EDI-DXB,Emirates,2024-06-24 14:00:00,259,229,False,False,25,EKEDIDXB1400
351,2024-06-24,GLA-DXB,Emirates,2024-06-24 20:00:00,427,386,False,False,24,EKGLADXB2000
352,2024-06-25,EDI-DXB,Emirates,2024-06-25 14:00:00,259,234,False,False,24,EKEDIDXB1400
353,2024-06-25,GLA-DXB,Emirates,2024-06-25 20:00:00,427,359,False,False,12,EKGLADXB2000
354,2024-06-26,EDI-DXB,Emirates,2024-06-26 14:00:00,259,218,False,False,12,EKEDIDXB1400
355,2024-06-26,GLA-DXB,Emirates,2024-06-26 20:00:00,427,397,False,False,16,EKGLADXB2000
356,2024-06-27,EDI-DXB,Emirates,2024-06-27 14:00:00,259,221,False,False,10,EKEDIDXB1400
357,2024-06-27,GLA-DXB,Emirates,2024-06-27 20:00:00,427,367,False,False,27,EKGLADXB2000
358,2024-06-28,EDI-DXB,Emirates,2024-06-28 14:00:00,259,219,False,True,23,EKEDIDXB1400
359,2024-06-28,GLA-DXB,Emirates,2024-06-28 20:00:00,427,371,False,True,49,EKGLADXB2000
360,2024-06-29,EDI-DXB,Emirates,2024-06-29 14:00:00,259,225,True,True,14,EKEDIDXB1400
361,2024-06-29,GLA-DXB,Emirates,2024-06-29 20:00:00,427,391,True,True,54,EKGLADXB2000
362,2024-06-30,EDI-DXB,Emirates,2024-06-30 14:00:00,259,240,True,True,14,EKEDIDXB1400
363,2024-06-30,GLA-DXB,Emirates,2024-06-30 20:00:00,427,394,True,True,31,EKGLADXB2000
364,2024-07-01,EDI-DXB,Emirates,2024-07-01 14:00:00,259,235,False,True,44,EKEDIDXB1400
365,2024-07-01,GLA-DXB,Emirates,2024-07-01 20:00:00,427,375,False,True,42,EKGLADXB2000
366,2024-07-02,EDI-DXB,Emirates,2024-07-02 14:00:00,259,224,False,True,14,EKEDIDXB1400
367,2024-07-02,GLA-DXB,Emirates,2024-07-02 20:00:00,427,381,False,True,44,EKGLADXB2000
368,2024-07-03,EDI-DXB,Emirates,2024-07-03 14:00:00,259,207,False,True,35,EKEDIDXB1400
369,2024-07-03,GLA-DXB,Emirates,2024-07-03 20:00:00,427,365,False,True,69,EKGLADXB2000
370,2024-07-04,EDI-DXB,Emirates,2024-07-04 14:00:00,259,222,False,True,17,EKEDIDXB1400
371,2024-07-04,GLA-DXB,Emirates,2024-07-04 20:00:00,427,384,False,True,29,EKGLADXB2000
372,2024-07-05,EDI-DXB,Emirates,2024-07-05 14:00:00,259,244,False,True,46,EKEDIDXB1400
373,2024-07-05,GLA-DXB,Emirates,2024-07-05 20:00:00,427,385,False,True,42,EKGLADXB2000
374,2024-07-06,EDI-DXB,Emirates,2024-07-06 14:00:00,259,243,True,True,10,EKEDIDXB1400
375,2024-07-06,GLA-DXB,Emirates,2024-07-06 20:00:00,427,397,True,True,28,EKGLADXB2000
376,2024-07-07,EDI-DXB,Emirates,2024-07-07 14:00:00,259,227,True,True,18,EKEDIDXB1400
377,2024-07-07,GLA-DXB,Emirates,2024-07-07 20:00:00,427,388,True,True,36,EKGLADXB2000
378,2024-07-08,EDI-DXB,Emirates,2024-07-08 14:00:00,259,225,False,True,38,EKEDIDXB1400
379,2024-07-08,GLA-DXB,Emirates,2024-07-08 20:00:00,427,369,False,True,30,EKGLADXB2000
380,2024-07-09,EDI-DXB,Emirates,2024-07-09 14:00:00,259,225,False,True,36,EKEDIDXB1400
381,2024-07-09,GLA-DXB,Emirates,2024-07-09 20:00:00,427,375,False,True,33,EKGLADXB2000
382,2024-07-10,EDI-DXB,Emirates,2024-07-10 14:00:00,259,208,False,True,17,EKEDIDXB1400
383,2024-07-10,GLA-DXB,Emirates,2024-07-10 20:00:00,427,377,False,True,33,EKGLADXB2000
384,2024-07-11,EDI-DXB,Emirates,2024-07-11 14:00:00,259,232,False,True,29,EKEDIDXB1400
385,2024-07-11,GLA-DXB,Emirates,2024-07-11 20:00:00,427,372,False,True,38,EKGLADXB2000
386,2024-07-12,EDI-DXB,Emirates,2024-07-12 14:00:00,259,228,False,True,16,EKEDIDXB1400
387,2024-07-12,GLA-DXB,Emirates,2024-07-12 20:00:00,427,379,False,True,27,EKGLADXB2000
388,2024-07-13,EDI-DXB,Emirates,2024-07-13 14:00:00,259,239,True,True,38,EKEDIDXB1400
389,2024-07-13,GLA-DXB,Emirates,2024-07-13 20:00:00,427,366,True,True,46,EKGLADXB2000
390,2024-07-14,EDI-DXB,Emirates,2024-07-14 14:00:00,259,236,True,True,20,EKEDIDXB1400
391,2024-07-14,GLA-DXB,Emirates,2024-07-14 20:00:00,427,393,True,True,37,EKGLADXB2000
392,2024-07-15,EDI-DXB,Emirates,2024-07-15 14:00:00,259,228,False,True,28,EKEDIDXB1400
393,2024-07-15,GLA-DXB,Emirates,2024-07-15 20:00:00,427,358,False,True,51,EKGLADXB2000
394,2024-07-16,EDI-DXB,Emirates,2024-07-16 14:00:00,259,233,False,True,22,EKEDIDXB1400
395,2024-07-16,GLA-DXB,Emirates,2024-07-16 20:00:00,427,392,False,True,38,EKGLADXB2000
396,2024-07-17,EDI-DXB,Emirates,2024-07-17 14:00:00,259,229,False,True,30,EKEDIDXB1400
397,2024-07-17,GLA-DXB,Emirates,2024-07-17 20:00:00,427,354,False,True,40,EKGLADXB2000
398,2024-07-18,EDI-DXB,Emirates,2024-07-18 14:00:00,259,228,False,True,31,EKEDIDXB1400
399,2024-07-18,GLA-DXB,Emirates,2024-07-18 20:00:00,427,375,False,True,36,EKGLADXB2000
400,2024-07-19,EDI-DXB,Emirates,2024-07-19 14:00:00,259,232,False,True,32,EKEDIDXB1400
401,2024-07-19,GLA-DXB,Emirates,2024-07-19 20:00:00,427,364,False,True,51,EKGLADXB2000
402,2024-07-20,EDI-DXB,Emirates,2024-07-20 14:00:00,259,225,True,True,38,EKEDIDXB1400
403,2024-07-20,GLA-DXB,Emirates,2024-07-20 20:00:00,427,399,True,True,42,EKGLADXB2000
404,2024-07-21,EDI-DXB,Emirates,2024-07-21 14:00:00,259,219,True,True,29,EKEDIDXB1400
405,2024-07-21,GLA-DXB,Emirates,2024-07-21 20:00:00,427,375,True,True,53,EKGLADXB2000
406,2024-07-22,EDI-DXB,Emirates,2024-07-22 14:00:00,259,220,False,True,28,EKEDIDXB1400
407,2024-07-22,GLA-DXB,Emirates,2024-07-22 20:00:00,427,381,False,True,39,EKGLADXB2000
408,2024-07-23,EDI-DXB,Emirates,2024-07-23 14:00:00,259,221,False,True,32,EKEDIDXB1400
409,2024-07-23,GLA-DXB,Emirates,2024-07-23 20:00:00,427,383,False,True,41,EKGLADXB2000
410,2024-07-24,EDI-DXB,Emirates,2024-07-24 14:00:00,259,210,False,True,25,EKEDIDXB1400
411,2024-07-24,GLA-DXB,Emirates,2024-07-24 20:00:00,427,383,False,True,31,EKGLADXB2000
412,2024-07-25,EDI-DXB,Emirates,2024-07-25 14:00:00,259,227,False,True,17,EKEDIDXB1400
413,2024-07-25,GLA-DXB,Emirates,2024-07-25 20:00:00,427,398,False,True,37,EKGLADXB2000
414,2024-07-26,EDI-DXB,Emirates,2024-07-26 14:00:00,259,229,False,True,24,EKEDIDXB1400
415,2024-07-26,GLA-DXB,Emirates,2024-07-26 20:00:00,427,382,False,True,38,EKGLADXB2000
416,2024-07-27,EDI-DXB,Emirates,2024-07-27 14:00:00,259,224,True,True,44,EKEDIDXB1400
417,2024-07-27,GLA-DXB,Emirates,2024-07-27 20:00:00,427,395,True,True,47,EKGLADXB2000
418,2024-07-28,EDI-DXB,Emirates,2024-07-28 14:00:00,259,227,True,True,28,EKEDIDXB1400
419,2024-07-28,GLA-DXB,Emirates,2024-07-28 20:00:00,427,384,True,True,51,EKGLADXB2000
420,2024-07-29,EDI-DXB,Emirates,2024-07-29 14:00:00,259,218,False,True,27,EKEDIDXB1400
421,2024-07-29,GLA-DXB,Emirates,2024-07-29 20:00:00,427,367,False,True,41,EKGLADXB2000
422,2024-07-30,EDI-DXB,Emirates,2024-07-30 14:00:00,259,227,False,True,14,EKEDIDXB1400
423,2024-07-30,GLA-DXB,Emirates,2024-07-30 20:00:00,427,374,False,True,22,EKGLADXB2000
424,2024-07-31,EDI-DXB,Emirates,2024-07-31 14:00:00,259,225,False,True,15,EKEDIDXB1400
425,2024-07-31,GLA-DXB,Emirates,2024-07-31 20:00:00,427,391,False,True,43,EKGLADXB2000
426,2024-08-01,EDI-DXB,Emirates,2024-08-01 14:00:00,259,226,False,True,45,EKEDIDXB1400
427,2024-08-01,GLA-DXB,Emirates,2024-08-01 20:00:00,427,380,False,True,32,EKGLADXB2000
428,2024-08-02,EDI-DXB,Emirates,2024-08-02 14:00:00,259,234,False,True,15,EKEDIDXB1400
429,2024-08-02,GLA-DXB,Emirates,2024-08-02 20:00:00,427,367,False,True,62,EKGLADXB2000
430,2024-08-03,EDI-DXB,Emirates,2024-08-03 14:00:00,259,245,True,True,14,EKEDIDXB1400
431,2024-08-03,GLA-DXB,Emirates,2024-08-03 20:00:00,427,388,True,True,39,EKGLADXB2000
432,2024-08-04,EDI-DXB,Emirates,2024-08-04 14:00:00,259,226,True,True,25,EKEDIDXB1400
433,2024-08-04,GLA-DXB,Emirates,2024-08-04 20:00:00,427,379,True,True,26,EKGLADXB2000
434,2024-08-05,EDI-DXB,Emirates,2024-08-05 14:00:00,259,216,False,True,20,EKEDIDXB1400
435,2024-08-05,GLA-DXB,Emirates,2024-08-05 20:00:00,427,411,False,True,41,EKGLADXB2000
436,2024-08-06,EDI-DXB,Emirates,2024-08-06 14:00:00,259,228,False,True,25,EKEDIDXB1400
437,2024-08-06,GLA-DXB,Emirates,2024-08-06 20:00:00,427,397,False,True,37,EKGLADXB2000
438,2024-08-07,EDI-DXB,Emirates,2024-08-07 14:00:00,259,225,False,True,9,EKEDIDXB1400
439,2024-08-07,GLA-DXB,Emirates,2024-08-07 20:00:00,427,399,False,True,38,EKGLADXB2000
440,2024-08-08,EDI-DXB,Emirates,2024-08-08 14:00:00,259,220,False,True,36,EKEDIDXB1400
441,2024-08-08,GLA-DXB,Emirates,2024-08-08 20:00:00,427,368,False,True,37,EKGLADXB2000
442,2024-08-09,EDI-DXB,Emirates,2024-08-09 14:00:00,259,238,False,True,28,EKEDIDXB1400
443,2024-08-09,GLA-DXB,Emirates,2024-08-09 20:00:00,427,362,False,True,32,EKGLADXB2000
444,2024-08-10,EDI-DXB,Emirates,2024-08-10 14:00:00,259,228,True,True,8,EKEDIDXB1400
445,2024-08-10,GLA-DXB,Emirates,2024-08-10 20:00:00,427,372,True,True,25,EKGLADXB2000
446,2024-08-11,EDI-DXB,Emirates,2024-08-11 14:00:00,259,239,True,True,28,EKEDIDXB1400
447,2024-08-11,GLA-DXB,Emirates,2024-08-11 20:00:00,427,387,True,True,27,EKGLADXB2000
448,2024-08-12,EDI-DXB,Emirates,2024-08-12 14:00:00,259,220,False,True,21,EKEDIDXB1400
449,2024-08-12,GLA-DXB,Emirates,2024-08-12 20:00:00,427,368,False,True,47,EKGLADXB2000
450,2024-08-13,EDI-DXB,Emirates,2024-08-13 14:00:00,259,232,False,False,19,EKEDIDXB1400
451,2024-08-13,GLA-DXB,Emirates,2024-08-13 20:00:00,427,375,False,False,11,EKGLADXB2000
452,2024-08-14,EDI-DXB,Emirates,2024-08-14 14:00:00,259,227,False,False,5,EKEDIDXB1400
453,2024-08-14,GLA-DXB,Emirates,2024-08-14 20:00:00,427,370,False,False,21,EKGLADXB2000
454,2024-08-15,EDI-DXB,Emirates,2024-08-15 14:00:00,259,217,False,False,14,EKEDIDXB1400
455,2024-08-15,GLA-DXB,Emirates,2024-08-15 20:00:00,427,389,False,False,23,EKGLADXB2000
456,2024-08-16,EDI-DXB,Emirates,2024-08-16 14:00:00,259,214,False,False,9,EKEDIDXB1400
457,2024-08-16,GLA-DXB,Emirates,2024-08-16 20:00:00,427,367,False,False,17,EKGLADXB2000
458,2024-08-17,EDI-DXB,Emirates,2024-08-17 14:00:00,259,218,True,False,14,EKEDIDXB1400
459,2024-08-17,GLA-DXB,Emirates,2024-08-17 20:00:00,427,386,True,False,15,EKGLADXB2000
460,2024-08-18,EDI-DXB,Emirates,2024-08-18 14:00:00,259,222,True,False,22,EKEDIDXB1400
461,2024-08-18,GLA-DXB,Emirates,2024-08-18 20:00:00,427,397,True,False,8,EKGLADXB2000
462,2024-08-19,EDI-DXB,Emirates,2024-08-19 14:00:00,259,234,False,False,1,EKEDIDXB1400
463,2024-08-19,GLA-DXB,Emirates,2024-08-19 20:00:00,427,391,False,False,13,EKGLADXB2000
464,2024-08-20,EDI-DXB,Emirates,2024-08-20 14:00:00,259,229,False,False,15,EKEDIDXB1400
465,2024-08-20,GLA-DXB,Emirates,2024-08-20 20:00:00,427,360,False,False,13,EKGLADXB2000
466,2024-08-21,EDI-DXB,Emirates,2024-08-21 14:00:00,259,227,False,False,5,EKEDIDXB1400
467,2024-08-21,GLA-DXB,Emirates,2024-08-21 20:00:00,427,396,False,False,22,EKGLADXB2000
468,2024-08-22,EDI-DXB,Emirates,2024-08-22 14:00:00,259,234,False,False,3,EKEDIDXB1400
469,2024-08-22,GLA-DXB,Emirates,2024-08-22 20:00:00,427,396,False,False,16,EKGLADXB2000
470,2024-08-23,EDI-DXB,Emirates,2024-08-23 14:00:00,259,235,False,False,13,EKEDIDXB1400
471,2024-08-23,GLA-DXB,Emirates,2024-08-23 20:00:00,427,367,False,False,22,EKGLADXB2000
472,2024-08-24,EDI-DXB,Emirates,2024-08-24 14:00:00,259,233,True,False,3,EKEDIDXB1400
473,2024-08-24,GLA-DXB,Emirates,2024-08-24 20:00:00,427,403,True,False,10,EKGLADXB2000
474,2024-08-25,EDI-DXB,Emirates,2024-08-25 14:00:00,259,228,True,False,9,EKEDIDXB1400
475,2024-08-25,GLA-DXB,Emirates,2024-08-25 20:00:00,427,358,True,False,39,EKGLADXB2000
476,2024-08-26,EDI-DXB,Emirates,2024-08-26 14:00:00,259,232,False,False,7,EKEDIDXB1400
477,2024-08-26,GLA-DXB,Emirates,2024-08-26 20:00:00,427,402,False,False,18,EKGLADXB2000
478,2024-08-27,EDI-DXB,Emirates,2024-08-27 14:00:00,259,225,False,False,6,EKEDIDXB1400
479,2024-08-27,GLA-DXB,Emirates,2024-08-27 20:00:00,427,357,False,False,29,EKGLADXB2000
480,2024-08-28,EDI-DXB,Emirates,2024-08-28 14:00:00,259,229,False,False,14,EKEDIDXB1400
481,2024-08-28,GLA-DXB,Emirates,2024-08-28 20:00:00,427,378,False,False,26,EKGLADXB2000
482,2024-08-29,EDI-DXB,Emirates,2024-08-29 14:00:00,259,229,False,False,7,EKEDIDXB1400
483,2024-08-29,GLA-DXB,Emirates,2024-08-29 20:00:00,427,391,False,False,21,EKGLADXB2000
484,2024-08-30,EDI-DXB,Emirates,2024-08-30 14:00:00,259,222,False,False,15,EKEDIDXB1400
485,2024-08-30,GLA-DXB,Emirates,2024-08-30 20:00:00,427,357,False,False,33,EKGLADXB2000
486,2024-08-31,EDI-DXB,Emirates,2024-08-31 14:00:00,259,230,True,False,21,EKEDIDXB1400
487,2024-08-31,GLA-DXB,Emirates,2024-08-31 20:00:00,427,382,True,False,23,EKGLADXB2000
488,2024-09-01,EDI-DXB,Emirates,2024-09-01 14:00:00,259,228,True,False,11,EKEDIDXB1400
489,2024-09-01,GLA-DXB,Emirates,2024-09-01 20:00:00,427,371,True,False,2,EKGLADXB2000
490,2024-09-02,EDI-DXB,Emirates,2024-09-02 14:00:00,259,214,False,False,9,EKEDIDXB1400
491,2024-09-02,GLA-DXB,Emirates,2024-09-02 20:00:00,427,377,False,False,12,EKGLADXB2000
492,2024-09-03,EDI-DXB,Emirates,2024-09-03 14:00:00,259,222,False,False,17,EKEDIDXB1400
493,2024-09-03,GLA-DXB,Emirates,2024-09-03 20:00:00,427,382,False,False,16,EKGLADXB2000
494,2024-09-04,EDI-DXB,Emirates,2024-09-04 14:00:00,259,242,False,False,21,EKEDIDXB1400
495,2024-09-04,GLA-DXB,Emirates,2024-09-04 20:00:00,427,371,False,False,9,EKGLADXB2000
496,2024-09-05,EDI-DXB,Emirates,2024-09-05 14:00:00,259,229,False,False,14,EKEDIDXB1400
497,2024-09-05,GLA-DXB,Emirates,2024-09-05 20:00:00,427,375,False,False,22,EKGLADXB2000
498,2024-09-06,EDI-DXB,Emirates,2024-09-06 14:00:00,259,236,False,False,28,EKEDIDXB1400
499,2024-09-06,GLA-DXB,Emirates,2024-09-06 20:00:00,427,392,False,False,19,EKGLADXB2000
500,2024-09-07,EDI-DXB,Emirates,2024-09-07 14:00:00,259,225,True,False,31,EKEDIDXB1400
501,2024-09-07,GLA-DXB,Emirates,2024-09-07 20:00:00,427,363,True,False,11,EKGLADXB2000
502,2024-09-08,EDI-DXB,Emirates,2024-09-08 14:00:00,259,240,True,False,11,EKEDIDXB1400
503,2024-09-08,GLA-DXB,Emirates,2024-09-08 20:00:00,427,387,True,False,12,EKGLADXB2000
504,2024-09-09,EDI-DXB,Emirates,2024-09-09 14:00:00,259,237,False,False,22,EKEDIDXB1400
505,2024-09-09,GLA-DXB,Emirates,2024-09-09 20:00:00,427,370,False,False,25,EKGLADXB2000
506,2024-09-10,EDI-DXB,Emirates,2024-09-10 14:00:00,259,215,False,False,3,EKEDIDXB1400
507,2024-09-10,GLA-DXB,Emirates,2024-09-10 20:00:00,427,378,False,False,28,EKGLADXB2000
508,2024-09-11,EDI-DXB,Emirates,2024-09-11 14:00:00,259,222,False,False,21,EKEDIDXB1400
509,2024-09-11,GLA-DXB,Emirates,2024-09-11 20:00:00,427,357,False,False,30,EKGLADXB2000
510,2024-09-12,EDI-DXB,Emirates,2024-09-12 14:00:00,259,228,False,False,12,EKEDIDXB1400
511,2024-09-12,GLA-DXB,Emirates,2024-09-12 20:00:00,427,390,False,False,15,EKGLADXB2000
512,2024-09-13,EDI-DXB,Emirates,2024-09-13 14:00:00,259,219,False,False,32,EKEDIDXB1400
513,2024-09-13,GLA-DXB,Emirates,2024-09-13 20:00:00,427,379,False,False,30,EKGLADXB2000
514,2024-09-14,EDI-DXB,Emirates,2024-09-14 14:00:00,259,230,True,False,22,EKEDIDXB1400
515,2024-09-14,GLA-DXB,Emirates,2024-09-14 20:00:00,427,382,True,False,22,EKGLADXB2000
516,2024-09-15,EDI-DXB,Emirates,2024-09-15 14:00:00,259,231,True,False,20,EKEDIDXB1400
517,2024-09-15,GLA-DXB,Emirates,2024-09-15 20:00:00,427,379,True,False,7,EKGLADXB2000
518,2024-09-16,EDI-DXB,Emirates,2024-09-16 14:00:00,259,230,False,False,5,EKEDIDXB1400
519,2024-09-16,GLA-DXB,Emirates,2024-09-16 20:00:00,427,392,False,False,14,EKGLADXB2000
520,2024-09-17,EDI-DXB,Emirates,2024-09-17 14:00:00,259,212,False,False,6,EKEDIDXB1400
521,2024-09-17,GLA-DXB,Emirates,2024-09-17 20:00:00,427,387,False,False,15,EKGLADXB2000
522,2024-09-18,EDI-DXB,Emirates,2024-09-18 14:00:00,259,218,False,False,20,EKEDIDXB1400
523,2024-09-18,GLA-DXB,Emirates,2024-09-18 20:00:00,427,350,False,False,28,EKGLADXB2000
524,2024-09-19,EDI-DXB,Emirates,2024-09-19 14:00:00,259,235,False,False,6,EKEDIDXB1400
525,2024-09-19,GLA-DXB,Emirates,2024-09-19 20:00:00,427,364,False,False,11,EKGLADXB2000
526,2024-09-20,EDI-DXB,Emirates,2024-09-20 14:00:00,259,238,False,False,9,EKEDIDXB1400
527,2024-09-20,GLA-DXB,Emirates,2024-09-20 20:00:00,427,359,False,False,23,EKGLADXB2000
528,2024-09-21,EDI-DXB,Emirates,2024-09-21 14:00:00,259,246,True,False,7,EKEDIDXB1400
529,2024-09-21,GLA-DXB,Emirates,2024-09-21 20:00:00,427,378,True,False,11,EKGLADXB2000
530,2024-09-22,EDI-DXB,Emirates,2024-09-22 14:00:00,259,223,True,False,12,EKEDIDXB1400
531,2024-09-22,GLA-DXB,Emirates,2024-09-22 20:00:00,427,366,True,False,24,EKGLADXB2000
532,2024-09-23,EDI-DXB,Emirates,2024-09-23 14:00:00,259,211,False,False,8,EKEDIDXB1400
533,2024-09-23,GLA-DXB,Emirates,2024-09-23 20:00:00,427,374,False,False,7,EKGLADXB2000
534,2024-09-24,EDI-DXB,Emirates,2024-09-24 14:00:00,259,228,False,False,15,EKEDIDXB1400
535,2024-09-24,GLA-DXB,Emirates,2024-09-24 20:00:00,427,386,False,False,27,EKGLADXB2000
536,2024-09-25,EDI-DXB,Emirates,2024-09-25 14:00:00,259,232,False,False,28,EKEDIDXB1400
537,2024-09-25,GLA-DXB,Emirates,2024-09-25 20:00:00,427,365,False,False,7,EKGLADXB2000
538,2024-09-26,EDI-DXB,Emirates,2024-09-26 14:00:00,259,226,False,False,9,EKEDIDXB1400
539,2024-09-26,GLA-DXB,Emirates,2024-09-26 20:00:00,427,353,False,False,29,EKGLADXB2000
540,2024-09-27,EDI-DXB,Emirates,2024-09-27 14:00:00,259,223,False,False,21,EKEDIDXB1400
541,2024-09-27,GLA-DXB,Emirates,2024-09-27 20:00:00,427,366,False,False,21,EKGLADXB2000
542,2024-09-28,EDI-DXB,Emirates,2024-09-28 14:00:00,259,241,True,False,8,EKEDIDXB1400
543,2024-09-28,GLA-DXB,Emirates,2024-09-28 20:00:00,427,404,True,False,18,EKGLADXB2000
544,2024-09-29,EDI-DXB,Emirates,2024-09-29 14:00:00,259,234,True,False,9,EKEDIDXB1400
545,2024-09-29,GLA-DXB,Emirates,2024-09-29 20:00:00,427,383,True,False,24,EKGLADXB2000
546,2024-09-30,EDI-DXB,Emirates,2024-09-30 14:00:00,259,220,False,False,10,EKEDIDXB1400
547,2024-09-30,GLA-DXB,Emirates,2024-09-30 20:00:00,427,375,False,False,9,EKGLADXB2000
548,2024-10-01,EDI-DXB,Emirates,2024-10-01 14:00:00,259,236,False,False,20,EKEDIDXB1400
549,2024-10-01,GLA-DXB,Emirates,2024-10-01 20:00:00,427,381,False,False,35,EKGLADXB2000
550,2024-10-02,EDI-DXB,Emirates,2024-10-02 14:00:00,259,229,False,False,21,EKEDIDXB1400
551,2024-10-02,GLA-DXB,Emirates,2024-10-02 20:00:00,427,370,False,False,32,EKGLADXB2000
552,2024-10-03,EDI-DXB,Emirates,2024-10-03 14:00:00,259,223,False,False,3,EKEDIDXB1400
553,2024-10-03,GLA-DXB,Emirates,2024-10-03 20:00:00,427,383,False,False,12,EKGLADXB2000
554,2024-10-04,EDI-DXB,Emirates,2024-10-04 14:00:00,259,220,False,False,18,EKEDIDXB1400
555,2024-10-04,GLA-DXB,Emirates,2024-10-04 20:00:00,427,377,False,False,22,EKGLADXB2000
556,2024-10-05,EDI-DXB,Emirates,2024-10-05 14:00:00,259,245,True,False,7,EKEDIDXB1400
557,2024-10-05,GLA-DXB,Emirates,2024-10-05 20:00:00,427,377,True,False,14,EKGLADXB2000
558,2024-10-06,EDI-DXB,Emirates,2024-10-06 14:00:00,259,234,True,False,15,EKEDIDXB1400
559,2024-10-06,GLA-DXB,Emirates,2024-10-06 20:00:00,427,361,True,False,26,EKGLADXB2000
560,2024-10-07,EDI-DXB,Emirates,2024-10-07 14:00:00,259,218,False,False,27,EKEDIDXB1400
561,2024-10-07,GLA-DXB,Emirates,2024-10-07 20:00:00,427,371,False,False,29,EKGLADXB2000
562,2024-10-08,EDI-DXB,Emirates,2024-10-08 14:00:00,259,236,False,False,17,EKEDIDXB1400
563,2024-10-08,GLA-DXB,Emirates,2024-10-08 20:00:00,427,382,False,False,10,EKGLADXB2000
564,2024-10-09,EDI-DXB,Emirates,2024-10-09 14:00:00,259,238,False,False,12,EKEDIDXB1400
565,2024-10-09,GLA-DXB,Emirates,2024-10-09 20:00:00,427,403,False,False,12,EKGLADXB2000
566,2024-10-10,EDI-DXB,Emirates,2024-10-10 14:00:00,259,220,False,False,7,EKEDIDXB1400
567,2024-10-10,GLA-DXB,Emirates,2024-10-10 20:00:00,427,389,False,False,22,EKGLADXB2000
568,2024-10-11,EDI-DXB,Emirates,2024-10-11 14:00:00,259,227,False,True,25,EKEDIDXB1400
569,2024-10-11,GLA-DXB,Emirates,2024-10-11 20:00:00,427,373,False,True,47,EKGLADXB2000
570,2024-10-12,EDI-DXB,Emirates,2024-10-12 14:00:00,259,234,True,True,25,EKEDIDXB1400
571,2024-10-12,GLA-DXB,Emirates,2024-10-12 20:00:00,427,383,True,True,48,EKGLADXB2000
572,2024-10-13,EDI-DXB,Emirates,2024-10-13 14:00:00,259,211,True,True,42,EKEDIDXB1400
573,2024-10-13,GLA-DXB,Emirates,2024-10-13 20:00:00,427,398,True,True,60,EKGLADXB2000
574,2024-10-14,EDI-DXB,Emirates,2024-10-14 14:00:00,259,222,False,True,37,EKEDIDXB1400
575,2024-10-14,GLA-DXB,Emirates,2024-10-14 20:00:00,427,374,False,True,21,EKGLADXB2000
576,2024-10-15,EDI-DXB,Emirates,2024-10-15 14:00:00,259,227,False,True,31,EKEDIDXB1400
577,2024-10-15,GLA-DXB,Emirates,2024-10-15 20:00:00,427,384,False,True,38,EKGLADXB2000
578,2024-10-16,EDI-DXB,Emirates,2024-10-16 14:00:00,259,221,False,True,14,EKEDIDXB1400
579,2024-10-16,GLA-DXB,Emirates,2024-10-16 20:00:00,427,363,False,True,40,EKGLADXB2000
580,2024-10-17,EDI-DXB,Emirates,2024-10-17 14:00:00,259,217,False,True,22,EKEDIDXB1400
581,2024-10-17,GLA-DXB,Emirates,2024-10-17 20:00:00,427,366,False,True,41,EKGLADXB2000
582,2024-10-18,EDI-DXB,Emirates,2024-10-18 14:00:00,259,233,False,True,32,EKEDIDXB1400
583,2024-10-18,GLA-DXB,Emirates,2024-10-18 20:00:00,427,381,False,True,44,EKGLADXB2000
584,2024-10-19,EDI-DXB,Emirates,2024-10-19 14:00:00,259,242,True,True,19,EKEDIDXB1400
585,2024-10-19,GLA-DXB,Emirates,2024-10-19 20:00:00,427,393,True,True,38,EKGLADXB2000
586,2024-10-20,EDI-DXB,Emirates,2024-10-20 14:00:00,259,229,True,True,26,EKEDIDXB1400
587,2024-10-20,GLA-DXB,Emirates,2024-10-20 20:00:00,427,388,True,True,50,EKGLADXB2000
588,2024-10-21,EDI-DXB,Emirates,2024-10-21 14:00:00,259,234,False,True,35,EKEDIDXB1400
589,2024-10-21,GLA-DXB,Emirates,2024-10-21 20:00:00,427,397,False,True,33,EKGLADXB2000
590,2024-10-22,EDI-DXB,Emirates,2024-10-22 14:00:00,259,224,False,True,39,EKEDIDXB1400
591,2024-10-22,GLA-DXB,Emirates,2024-10-22 20:00:00,427,369,False,True,38,EKGLADXB2000
592,2024-10-23,EDI-DXB,Emirates,2024-10-23 14:00:00,259,228,False,True,30,EKEDIDXB1400
593,2024-10-23,GLA-DXB,Emirates,2024-10-23 20:00:00,427,397,False,True,49,EKGLADXB2000
594,2024-10-24,EDI-DXB,Emirates,2024-10-24 14:00:00,259,232,False,True,17,EKEDIDXB1400
595,2024-10-24,GLA-DXB,Emirates,2024-10-24 20:00:00,427,372,False,True,43,EKGLADXB2000
596,2024-10-25,EDI-DXB,Emirates,2024-10-25 14:00:00,259,234,False,True,17,EKEDIDXB1400
597,2024-10-25,GLA-DXB,Emirates,2024-10-25 20:00:00,427,368,False,True,44,EKGLADXB2000
598,2024-10-26,EDI-DXB,Emirates,2024-10-26 14:00:00,259,229,True,True,20,EKEDIDXB1400
599,2024-10-26,GLA-DXB,Emirates,2024-10-26 20:00:00,427,385,True,True,33,EKGLADXB2000
600,2024-10-27,EDI-DXB,Emirates,2024-10-27 14:00:00,259,236,True,True,18,EKEDIDXB1400
601,2024-10-27,GLA-DXB,Emirates,2024-10-27 20:00:00,427,380,True,True,30,EKGLADXB2000
602,2024-10-28,EDI-DXB,Emirates,2024-10-28 14:00:00,259,228,False,False,28,EKEDIDXB1400
603,2024-10-28,GLA-DXB,Emirates,2024-10-28 20:00:00,427,376,False,False,17,EKGLADXB2000
604,2024-10-29,EDI-DXB,Emirates,2024-10-29 14:00:00,259,220,False,False,9,EKEDIDXB1400
605,2024-10-29,GLA-DXB,Emirates,2024-10-29 20:00:00,427,395,False,False,33,EKGLADXB2000
606,2024-10-30,EDI-DXB,Emirates,2024-10-30 14:00:00,259,231,False,False,8,EKEDIDXB1400
607,2024-10-30,GLA-DXB,Emirates,2024-10-30 20:00:00,427,357,False,False,12,EKGLADXB2000
608,2024-10-31,EDI-DXB,Emirates,2024-10-31 14:00:00,259,236,False,False,11,EKEDIDXB1400
609,2024-10-31,GLA-DXB,Emirates,2024-10-31 20:00:00,427,372,False,False,11,EKGLADXB2000
610,2024-11-01,EDI-DXB,Emirates,2024-11-01 14:00:00,259,213,False,False,3,EKEDIDXB1400
611,2024-11-01,GLA-DXB,Emirates,2024-11-01 20:00:00,427,379,False,False,6,EKGLADXB2000
612,2024-11-02,EDI-DXB,Emirates,2024-11-02 14:00:00,259,226,True,False,30,EKEDIDXB1400
613,2024-11-02,GLA-DXB,Emirates,2024-11-02 20:00:00,427,382,True,False,23,EKGLADXB2000
614,2024-11-03,EDI-DXB,Emirates,2024-11-03 14:00:00,259,239,True,False,25,EKEDIDXB1400
615,2024-11-03,GLA-DXB,Emirates,2024-11-03 20:00:00,427,379,True,False,40,EKGLADXB2000
616,2024-11-04,EDI-DXB,Emirates,2024-11-04 14:00:00,259,225,False,False,16,EKEDIDXB1400
617,2024-11-04,GLA-DXB,Emirates,2024-11-04 20:00:00,427,363,False,False,13,EKGLADXB2000
618,2024-11-05,EDI-DXB,Emirates,2024-11-05 14:00:00,259,210,False,False,6,EKEDIDXB1400
619,2024-11-05,GLA-DXB,Emirates,2024-11-05 20:00:00,427,379,False,False,11,EKGLADXB2000
620,2024-11-06,EDI-DXB,Emirates,2024-11-06 14:00:00,259,229,False,False,19,EKEDIDXB1400
621,2024-11-06,GLA-DXB,Emirates,2024-11-06 20:00:00,427,382,False,False,13,EKGLADXB2000
622,2024-11-07,EDI-DXB,Emirates,2024-11-07 14:00:00,259,219,False,False,21,EKEDIDXB1400
623,2024-11-07,GLA-DXB,Emirates,2024-11-07 20:00:00,427,368,False,False,33,EKGLADXB2000
624,2024-11-08,EDI-DXB,Emirates,2024-11-08 14:00:00,259,229,False,False,21,EKEDIDXB1400
625,2024-11-08,GLA-DXB,Emirates,2024-11-08 20:00:00,427,353,False,False,23,EKGLADXB2000
626,2024-11-09,EDI-DXB,Emirates,2024-11-09 14:00:00,259,243,True,False,28,EKEDIDXB1400
627,2024-11-09,GLA-DXB,Emirates,2024-11-09 20:00:00,427,383,True,False,45,EKGLADXB2000
628,2024-11-10,EDI-DXB,Emirates,2024-11-10 14:00:00,259,251,True,False,7,EKEDIDXB1400
629,2024-11-10,GLA-DXB,Emirates,2024-11-10 20:00:00,427,377,True,False,17,EKGLADXB2000
630,2024-11-11,EDI-DXB,Emirates,2024-11-11 14:00:00,259,233,False,False,22,EKEDIDXB1400
631,2024-11-11,GLA-DXB,Emirates,2024-11-11 20:00:00,427,382,False,False,19,EKGLADXB2000
632,2024-11-12,EDI-DXB,Emirates,2024-11-12 14:00:00,259,237,False,False,4,EKEDIDXB1400
633,2024-11-12,GLA-DXB,Emirates,2024-11-12 20:00:00,427,376,False,False,16,EKGLADXB2000
634,2024-11-13,EDI-DXB,Emirates,2024-11-13 14:00:00,259,224,False,False,8,EKEDIDXB1400
635,2024-11-13,GLA-DXB,Emirates,2024-11-13 20:00:00,427,383,False,False,20,EKGLADXB2000
636,2024-11-14,EDI-DXB,Emirates,2024-11-14 14:00:00,259,223,False,False,26,EKEDIDXB1400
637,2024-11-14,GLA-DXB,Emirates,2024-11-14 20:00:00,427,367,False,False,29,EKGLADXB2000
638,2024-11-15,EDI-DXB,Emirates,2024-11-15 14:00:00,259,218,False,False,21,EKEDIDXB1400
639,2024-11-15,GLA-DXB,Emirates,2024-11-15 20:00:00,427,387,False,False,19,EKGLADXB2000
640,2024-11-16,EDI-DXB,Emirates,2024-11-16 14:00:00,259,222,True,False,2,EKEDIDXB1400
641,2024-11-16,GLA-DXB,Emirates,2024-11-16 20:00:00,427,372,True,False,13,EKGLADXB2000
642,2024-11-17,EDI-DXB,Emirates,2024-11-17 14:00:00,259,230,True,False,7,EKEDIDXB1400
643,2024-11-17,GLA-DXB,Emirates,2024-11-17 20:00:00,427,389,True,False,24,EKGLADXB2000
644,2024-11-18,EDI-DXB,Emirates,2024-11-18 14:00:00,259,229,False,False,5,EKEDIDXB1400
645,2024-11-18,GLA-DXB,Emirates,2024-11-18 20:00:00,427,398,False,False,26,EKGLADXB2000
646,2024-11-19,EDI-DXB,Emirates,2024-11-19 14:00:00,259,217,False,False,9,EKEDIDXB1400
647,2024-11-19,GLA-DXB,Emirates,2024-11-19 20:00:00,427,386,False,False,27,EKGLADXB2000
648,2024-11-20,EDI-DXB,Emirates,2024-11-20 14:00:00,259,227,False,False,20,EKEDIDXB1400
649,2024-11-20,GLA-DXB,Emirates,2024-11-20 20:00:00,427,378,False,False,15,EKGLADXB2000
650,2024-11-21,EDI-DXB,Emirates,2024-11-21 14:00:00,259,233,False,False,17,EKEDIDXB1400
651,2024-11-21,GLA-DXB,Emirates,2024-11-21 20:00:00,427,387,False,False,18,EKGLADXB2000
652,2024-11-22,EDI-DXB,Emirates,2024-11-22 14:00:00,259,223,False,False,16,EKEDIDXB1400
653,2024-11-22,GLA-DXB,Emirates,2024-11-22 20:00:00,427,396,False,False,29,EKGLADXB2000
654,2024-11-23,EDI-DXB,Emirates,2024-11-23 14:00:00,259,221,True,False,5,EKEDIDXB1400
655,2024-11-23,GLA-DXB,Emirates,2024-11-23 20:00:00,427,374,True,False,14,EKGLADXB2000
656,2024-11-24,EDI-DXB,Emirates,2024-11-24 14:00:00,259,226,True,False,8,EKEDIDXB1400
657,2024-11-24,GLA-DXB,Emirates,2024-11-24 20:00:00,427,401,True,False,13,EKGLADXB2000
658,2024-11-25,EDI-DXB,Emirates,2024-11-25 14:00:00,259,232,False,False,26,EKEDIDXB1400
659,2024-11-25,GLA-DXB,Emirates,2024-11-25 20:00:00,427,356,False,False,29,EKGLADXB2000
660,2024-11-26,EDI-DXB,Emirates,2024-11-26 14:00:00,259,217,False,False,20,EKEDIDXB1400
661,2024-11-26,GLA-DXB,Emirates,2024-11-26 20:00:00,427,381,False,False,27,EKGLADXB2000
662,2024-11-27,EDI-DXB,Emirates,2024-11-27 14:00:00,259,227,False,False,6,EKEDIDXB1400
663,2024-11-27,GLA-DXB,Emirates,2024-11-27 20:00:00,427,375,False,False,19,EKGLADXB2000
664,2024-11-28,EDI-DXB,Emirates,2024-11-28 14:00:00,259,222,False,False,30,EKEDIDXB1400
665,2024-11-28,GLA-DXB,Emirates,2024-11-28 20:00:00,427,392,False,False,28,EKGLADXB2000
666,2024-11-29,EDI-DXB,Emirates,2024-11-29 14:00:00,259,229,False,False,7,EKEDIDXB1400
667,2024-11-29,GLA-DXB,Emirates,2024-11-29 20:00:00,427,391,False,False,23,EKGLADXB2000
668,2024-11-30,EDI-DXB,Emirates,2024-11-30 14:00:00,259,221,True,False,25,EKEDIDXB1400
669,2024-11-30,GLA-DXB,Emirates,2024-11-30 20:00:00,427,366,True,False,24,EKGLADXB2000
670,2024-12-01,EDI-DXB,Emirates,2024-12-01 14:00:00,259,230,True,False,23,EKEDIDXB1400
671,2024-12-01,GLA-DXB,Emirates,2024-12-01 20:00:00,427,398,True,False,14,EKGLADXB2000
672,2024-12-02,EDI-DXB,Emirates,2024-12-02 14:00:00,259,220,False,False,16,EKEDIDXB1400
673,2024-12-02,GLA-DXB,Emirates,2024-12-02 20:00:00,427,362,False,False,31,EKGLADXB2000
674,2024-12-03,EDI-DXB,Emirates,2024-12-03 14:00:00,259,232,False,False,24,EKEDIDXB1400
675,2024-12-03,GLA-DXB,Emirates,2024-12-03 20:00:00,427,341,False,False,28,EKGLADXB2000
676,2024-12-04,EDI-DXB,Emirates,2024-12-04 14:00:00,259,229,False,False,19,EKEDIDXB1400
677,2024-12-04,GLA-DXB,Emirates,2024-12-04 20:00:00,427,385,False,False,24,EKGLADXB2000
678,2024-12-05,EDI-DXB,Emirates,2024-12-05 14:00:00,259,238,False,False,4,EKEDIDXB1400
679,2024-12-05,GLA-DXB,Emirates,2024-12-05 20:00:00,427,374,False,False,32,EKGLADXB2000
680,2024-12-06,EDI-DXB,Emirates,2024-12-06 14:00:00,259,218,False,False,3,EKEDIDXB1400
681,2024-12-06,GLA-DXB,Emirates,2024-12-06 20:00:00,427,376,False,False,15,EKGLADXB2000
682,2024-12-07,EDI-DXB,Emirates,2024-12-07 14:00:00,259,227,True,False,11,EKEDIDXB1400
683,2024-12-07,GLA-DXB,Emirates,2024-12-07 20:00:00,427,385,True,False,27,EKGLADXB2000
684,2024-12-08,EDI-DXB,Emirates,2024-12-08 14:00:00,259,236,True,False,34,EKEDIDXB1400
685,2024-12-08,GLA-DXB,Emirates,2024-12-08 20:00:00,427,371,True,False,22,EKGLADXB2000
686,2024-12-09,EDI-DXB,Emirates,2024-12-09 14:00:00,259,220,False,False,13,EKEDIDXB1400
687,2024-12-09,GLA-DXB,Emirates,2024-12-09 20:00:00,427,372,False,False,13,EKGLADXB2000
688,2024-12-10,EDI-DXB,Emirates,2024-12-10 14:00:00,259,230,False,False,23,EKEDIDXB1400
689,2024-12-10,GLA-DXB,Emirates,2024-12-10 20:00:00,427,374,False,False,13,EKGLADXB2000
690,2024-12-11,EDI-DXB,Emirates,2024-12-11 14:00:00,259,219,False,False,18,EKEDIDXB1400
691,2024-12-11,GLA-DXB,Emirates,2024-12-11 20:00:00,427,389,False,False,20,EKGLADXB2000
692,2024-12-12,EDI-DXB,Emirates,2024-12-12 14:00:00,259,224,False,False,29,EKEDIDXB1400
693,2024-12-12,GLA-DXB,Emirates,2024-12-12 20:00:00,427,375,False,False,21,EKGLADXB2000
694,2024-12-13,EDI-DXB,Emirates,2024-12-13 14:00:00,259,222,False,False,17,EKEDIDXB1400
695,2024-12-13,GLA-DXB,Emirates,2024-12-13 20:00:00,427,368,False,False,16,EKGLADXB2000
696,2024-12-14,EDI-DXB,Emirates,2024-12-14 14:00:00,259,224,True,False,18,EKEDIDXB1400
697,2024-12-14,GLA-DXB,Emirates,2024-12-14 20:00:00,427,395,True,False,14,EKGLADXB2000
698,2024-12-15,EDI-DXB,Emirates,2024-12-15 14:00:00,259,233,True,False,23,EKEDIDXB1400
699,2024-12-15,GLA-DXB,Emirates,2024-12-15 20:00:00,427,388,True,False,13,EKGLADXB2000
700,2024-12-16,EDI-DXB,Emirates,2024-12-16 14:00:00,259,216,False,False,19,EKEDIDXB1400
701,2024-12-16,GLA-DXB,Emirates,2024-12-16 20:00:00,427,384,False,False,11,EKGLADXB2000
702,2024-12-17,EDI-DXB,Emirates,2024-12-17 14:00:00,259,226,False,False,15,EKEDIDXB1400
703,2024-12-17,GLA-DXB,Emirates,2024-12-17 20:00:00,427,395,False,False,21,EKGLADXB2000
704,2024-12-18,EDI-DXB,Emirates,2024-12-18 14:00:00,259,224,False,False,8,EKEDIDXB1400
705,2024-12-18,GLA-DXB,Emirates,2024-12-18 20:00:00,427,388,False,False,22,EKGLADXB2000
706,2024-12-19,EDI-DXB,Emirates,2024-12-19 14:00:00,259,226,False,False,17,EKEDIDXB1400
707,2024-12-19,GLA-DXB,Emirates,2024-12-19 20:00:00,427,389,False,False,33,EKGLADXB2000
708,2024-12-20,EDI-DXB,Emirates,2024-12-20 14:00:00,259,234,False,True,24,EKEDIDXB1400
709,2024-12-20,GLA-DXB,Emirates,2024-12-20 20:00:00,427,377,False,True,48,EKGLADXB2000
710,2024-12-21,EDI-DXB,Emirates,2024-12-21 14:00:00,259,233,True,True,38,EKEDIDXB1400
711,2024-12-21,GLA-DXB,Emirates,2024-12-21 20:00:00,427,371,True,True,36,EKGLADXB2000
712,2024-12-22,EDI-DXB,Emirates,2024-12-22 14:00:00,259,215,True,True,33,EKEDIDXB1400
713,2024-12-22,GLA-DXB,Emirates,2024-12-22 20:00:00,427,368,True,True,35,EKGLADXB2000
714,2024-12-23,EDI-DXB,Emirates,2024-12-23 14:00:00,259,221,False,True,27,EKEDIDXB1400
715,2024-12-23,GLA-DXB,Emirates,2024-12-23 20:00:00,427,393,False,True,48,EKGLADXB2000
716,2024-12-24,EDI-DXB,Emirates,2024-12-24 14:00:00,259,224,False,True,36,EKEDIDXB1400
717,2024-12-24,GLA-DXB,Emirates,2024-12-24 20:00:00,427,362,False,True,30,EKGLADXB2000
718,2024-12-25,EDI-DXB,Emirates,2024-12-25 14:00:00,259,231,False,True,24,EKEDIDXB1400
719,2024-12-25,GLA-DXB,Emirates,2024-12-25 20:00:00,427,365,False,True,42,EKGLADXB2000
720,2024-12-26,EDI-DXB,Emirates,2024-12-26 14:00:00,259,230,False,True,36,EKEDIDXB1400
721,2024-12-26,GLA-DXB,Emirates,2024-12-26 20:00:00,427,359,False,True,31,EKGLADXB2000
722,2024-12-27,EDI-DXB,Emirates,2024-12-27 14:00:00,259,226,False,True,25,EKEDIDXB1400
723,2024-12-27,GLA-DXB,Emirates,2024-12-27 20:00:00,427,394,False,True,31,EKGLADXB2000
724,2024-12-28,EDI-DXB,Emirates,2024-12-28 14:00:00,259,252,True,True,29,EKEDIDXB1400
725,2024-12-28,GLA-DXB,Emirates,2024-12-28 20:00:00,427,392,True,True,43,EKGLADXB2000
726,2024-12-29,EDI-DXB,Emirates,2024-12-29 14:00:00,259,252,True,True,46,EKEDIDXB1400
727,2024-12-29,GLA-DXB,Emirates,2024-12-29 20:00:00,427,389,True,True,42,EKGLADXB2000
728,2024-12-30,EDI-DXB,Emirates,2024-12-30 14:00:00,259,218,False,True,35,EKEDIDXB1400
729,2024-12-30,GLA-DXB,Emirates,2024-12-30 20:00:00,427,373,False,True,35,EKGLADXB2000
730,2024-12-31,EDI-DXB,Emirates,2024-12-31 14:00:00,259,224,False,True,20,EKEDIDXB1400
731,2024-12-31,GLA-DXB,Emirates,2024-12-31 20:00:00,427,368,False,True,53,EKGLADXB2000
732,2025-01-01,EDI-DXB,Emirates,2025-01-01 14:00:00,259,221,False,True,36,EKEDIDXB1400
733,2025-01-01,GLA-DXB,Emirates,2025-01-01 20:00:00,427,375,False,True,29,EKGLADXB2000
734,2025-01-02,EDI-DXB,Emirates,2025-01-02 14:00:00,259,233,False,True,31,EKEDIDXB1400
735,2025-01-02,GLA-DXB,Emirates,2025-01-02 20:00:00,427,373,False,True,35,EKGLADXB2000
736,2025-01-03,EDI-DXB,Emirates,2025-01-03 14:00:00,259,229,False,True,18,EKEDIDXB1400
737,2025-01-03,GLA-DXB,Emirates,2025-01-03 20:00:00,427,374,False,True,40,EKGLADXB2000
738,2025-01-04,EDI-DXB,Emirates,2025-01-04 14:00:00,259,237,True,True,24,EKEDIDXB1400
739,2025-01-04,GLA-DXB,Emirates,2025-01-04 20:00:00,427,382,True,True,29,EKGLADXB2000
740,2025-01-05,EDI-DXB,Emirates,2025-01-05 14:00:00,259,228,True,True,16,EKEDIDXB1400
741,2025-01-05,GLA-DXB,Emirates,2025-01-05 20:00:00,427,372,True,True,26,EKGLADXB2000
742,2025-01-06,EDI-DXB,Emirates,2025-01-06 14:00:00,259,225,False,False,17,EKEDIDXB1400
743,2025-01-06,GLA-DXB,Emirates,2025-01-06 20:00:00,427,364,False,False,37,EKGLADXB2000
744,2025-01-07,EDI-DXB,Emirates,2025-01-07 14:00:00,259,231,False,False,24,EKEDIDXB1400
745,2025-01-07,GLA-DXB,Emirates,2025-01-07 20:00:00,427,371,False,False,28,EKGLADXB2000
746,2025-01-08,EDI-DXB,Emirates,2025-01-08 14:00:00,259,224,False,False,8,EKEDIDXB1400
747,2025-01-08,GLA-DXB,Emirates,2025-01-08 20:00:00,427,390,False,False,20,EKGLADXB2000
748,2025-01-09,EDI-DXB,Emirates,2025-01-09 14:00:00,259,222,False,False,12,EKEDIDXB1400
749,2025-01-09,GLA-DXB,Emirates,2025-01-09 20:00:00,427,368,False,False,23,EKGLADXB2000
750,2025-01-10,EDI-DXB,Emirates,2025-01-10 14:00:00,259,220,False,False,17,EKEDIDXB1400
751,2025-01-10,GLA-DXB,Emirates,2025-01-10 20:00:00,427,358,False,False,26,EKGLADXB2000
752,2025-01-11,EDI-DXB,Emirates,2025-01-11 14:00:00,259,240,True,False,17,EKEDIDXB1400
753,2025-01-11,GLA-DXB,Emirates,2025-01-11 20:00:00,427,379,True,False,23,EKGLADXB2000
754,2025-01-12,EDI-DXB,Emirates,2025-01-12 14:00:00,259,240,True,False,10,EKEDIDXB1400
755,2025-01-12,GLA-DXB,Emirates,2025-01-12 20:00:00,427,350,True,False,17,EKGLADXB2000
756,2025-01-13,EDI-DXB,Emirates,2025-01-13 14:00:00,259,223,False,False,3,EKEDIDXB1400
757,2025-01-13,GLA-DXB,Emirates,2025-01-13 20:00:00,427,361,False,False,4,EKGLADXB2000
758,2025-01-14,EDI-DXB,Emirates,2025-01-14 14:00:00,259,241,False,False,12,EKEDIDXB1400
759,2025-01-14,GLA-DXB,Emirates,2025-01-14 20:00:00,427,374,False,False,9,EKGLADXB2000
760,2025-01-15,EDI-DXB,Emirates,2025-01-15 14:00:00,259,227,False,False,4,EKEDIDXB1400
761,2025-01-15,GLA-DXB,Emirates,2025-01-15 20:00:00,427,360,False,False,27,EKGLADXB2000
762,2025-01-16,EDI-DXB,Emirates,2025-01-16 14:00:00,259,219,False,False,20,EKEDIDXB1400
763,2025-01-16,GLA-DXB,Emirates,2025-01-16 20:00:00,427,396,False,False,23,EKGLADXB2000
764,2025-01-17,EDI-DXB,Emirates,2025-01-17 14:00:00,259,227,False,False,29,EKEDIDXB1400
765,2025-01-17,GLA-DXB,Emirates,2025-01-17 20:00:00,427,371,False,False,29,EKGLADXB2000
766,2025-01-18,EDI-DXB,Emirates,2025-01-18 14:00:00,259,234,True,False,8,EKEDIDXB1400
767,2025-01-18,GLA-DXB,Emirates,2025-01-18 20:00:00,427,406,True,False,13,EKGLADXB2000
768,2025-01-19,EDI-DXB,Emirates,2025-01-19 14:00:00,259,221,True,False,3,EKEDIDXB1400
769,2025-01-19,GLA-DXB,Emirates,2025-01-19 20:00:00,427,358,True,False,23,EKGLADXB2000
770,2025-01-20,EDI-DXB,Emirates,2025-01-20 14:00:00,259,216,False,False,15,EKEDIDXB1400
771,2025-01-20,GLA-DXB,Emirates,2025-01-20 20:00:00,427,364,False,False,20,EKGLADXB2000
772,2025-01-21,EDI-DXB,Emirates,2025-01-21 14:00:00,259,224,False,False,8,EKEDIDXB1400
773,2025-01-21,GLA-DXB,Emirates,2025-01-21 20:00:00,427,397,False,False,24,EKGLADXB2000
774,2025-01-22,EDI-DXB,Emirates,2025-01-22 14:00:00,259,228,False,False,13,EKEDIDXB1400
775,2025-01-22,GLA-DXB,Emirates,2025-01-22 20:00:00,427,357,False,False,30,EKGLADXB2000
776,2025-01-23,EDI-DXB,Emirates,2025-01-23 14:00:00,259,223,False,False,2,EKEDIDXB1400
777,2025-01-23,GLA-DXB,Emirates,2025-01-23 20:00:00,427,374,False,False,11,EKGLADXB2000
778,2025-01-24,EDI-DXB,Emirates,2025-01-24 14:00:00,259,223,False,False,25,EKEDIDXB1400
779,2025-01-24,GLA-DXB,Emirates,2025-01-24 20:00:00,427,370,False,False,6,EKGLADXB2000
780,2025-01-25,EDI-DXB,Emirates,2025-01-25 14:00:00,259,233,True,False,32,EKEDIDXB1400
781,2025-01-25,GLA-DXB,Emirates,2025-01-25 20:00:00,427,390,True,False,31,EKGLADXB2000
782,2025-01-26,EDI-DXB,Emirates,2025-01-26 14:00:00,259,231,True,False,22,EKEDIDXB1400
783,2025-01-26,GLA-DXB,Emirates,2025-01-26 20:00:00,427,408,True,False,6,EKGLADXB2000
784,2025-01-27,EDI-DXB,Emirates,2025-01-27 14:00:00,259,224,False,False,15,EKEDIDXB1400
785,2025-01-27,GLA-DXB,Emirates,2025-01-27 20:00:00,427,379,False,False,25,EKGLADXB2000
786,2025-01-28,EDI-DXB,Emirates,2025-01-28 14:00:00,259,225,False,False,20,EKEDIDXB1400
787,2025-01-28,GLA-DXB,Emirates,2025-01-28 20:00:00,427,389,False,False,40,EKGLADXB2000
788,2025-01-29,EDI-DXB,Emirates,2025-01-29 14:00:00,259,230,False,False,9,EKEDIDXB1400
789,2025-01-29,GLA-DXB,Emirates,2025-01-29 20:00:00,427,387,False,False,15,EKGLADXB2000
790,2025-01-30,EDI-DXB,Emirates,2025-01-30 14:00:00,259,238,False,False,23,EKEDIDXB1400
791,2025-01-30,GLA-DXB,Emirates,2025-01-30 20:00:00,427,373,False,False,14,EKGLADXB2000
792,2025-01-31,EDI-DXB,Emirates,2025-01-31 14:00:00,259,228,False,False,20,EKEDIDXB1400
793,2025-01-31,GLA-DXB,Emirates,2025-01-31 20:00:00,427,358,False,False,37,EKGLADXB2000
794,2025-02-01,EDI-DXB,Emirates,2025-02-01 14:00:00,259,244,True,False,19,EKEDIDXB1400
795,2025-02-01,GLA-DXB,Emirates,2025-02-01 20:00:00,427,381,True,False,21,EKGLADXB2000
796,2025-02-02,EDI-DXB,Emirates,2025-02-02 14:00:00,259,225,True,False,16,EKEDIDXB1400
797,2025-02-02,GLA-DXB,Emirates,2025-02-02 20:00:00,427,376,True,False,19,EKGLADXB2000
798,2025-02-03,EDI-DXB,Emirates,2025-02-03 14:00:00,259,214,False,False,23,EKEDIDXB1400
799,2025-02-03,GLA-DXB,Emirates,2025-02-03 20:00:00,427,364,False,False,13,EKGLADXB2000
800,2025-02-04,EDI-DXB,Emirates,2025-02-04 14:00:00,259,251,False,False,17,EKEDIDXB1400
801,2025-02-04,GLA-DXB,Emirates,2025-02-04 20:00:00,427,389,False,False,19,EKGLADXB2000
802,2025-02-05,EDI-DXB,Emirates,2025-02-05 14:00:00,259,225,False,False,17,EKEDIDXB1400
803,2025-02-05,GLA-DXB,Emirates,2025-02-05 20:00:00,427,403,False,False,23,EKGLADXB2000
804,2025-02-06,EDI-DXB,Emirates,2025-02-06 14:00:00,259,233,False,False,25,EKEDIDXB1400
805,2025-02-06,GLA-DXB,Emirates,2025-02-06 20:00:00,427,403,False,False,33,EKGLADXB2000
806,2025-02-07,EDI-DXB,Emirates,2025-02-07 14:00:00,259,232,False,False,5,EKEDIDXB1400
807,2025-02-07,GLA-DXB,Emirates,2025-02-07 20:00:00,427,369,False,False,19,EKGLADXB2000
808,2025-02-08,EDI-DXB,Emirates,2025-02-08 14:00:00,259,242,True,False,19,EKEDIDXB1400
809,2025-02-08,GLA-DXB,Emirates,2025-02-08 20:00:00,427,386,True,False,19,EKGLADXB2000
810,2025-02-09,EDI-DXB,Emirates,2025-02-09 14:00:00,259,228,True,False,26,EKEDIDXB1400
811,2025-02-09,GLA-DXB,Emirates,2025-02-09 20:00:00,427,395,True,False,19,EKGLADXB2000
812,2025-02-10,EDI-DXB,Emirates,2025-02-10 14:00:00,259,225,False,False,8,EKEDIDXB1400
813,2025-02-10,GLA-DXB,Emirates,2025-02-10 20:00:00,427,354,False,False,10,EKGLADXB2000
814,2025-02-11,EDI-DXB,Emirates,2025-02-11 14:00:00,259,216,False,False,4,EKEDIDXB1400
815,2025-02-11,GLA-DXB,Emirates,2025-02-11 20:00:00,427,375,False,False,39,EKGLADXB2000
816,2025-02-12,EDI-DXB,Emirates,2025-02-12 14:00:00,259,232,False,False,9,EKEDIDXB1400
817,2025-02-12,GLA-DXB,Emirates,2025-02-12 20:00:00,427,379,False,False,32,EKGLADXB2000
818,2025-02-13,EDI-DXB,Emirates,2025-02-13 14:00:00,259,228,False,False,6,EKEDIDXB1400
819,2025-02-13,GLA-DXB,Emirates,2025-02-13 20:00:00,427,390,False,False,22,EKGLADXB2000
820,2025-02-14,EDI-DXB,Emirates,2025-02-14 14:00:00,259,228,False,False,7,EKEDIDXB1400
821,2025-02-14,GLA-DXB,Emirates,2025-02-14 20:00:00,427,373,False,False,33,EKGLADXB2000
822,2025-02-15,EDI-DXB,Emirates,2025-02-15 14:00:00,259,235,True,False,24,EKEDIDXB1400
823,2025-02-15,GLA-DXB,Emirates,2025-02-15 20:00:00,427,377,True,False,40,EKGLADXB2000
824,2025-02-16,EDI-DXB,Emirates,2025-02-16 14:00:00,259,246,True,False,24,EKEDIDXB1400
825,2025-02-16,GLA-DXB,Emirates,2025-02-16 20:00:00,427,378,True,False,24,EKGLADXB2000
826,2025-02-17,EDI-DXB,Emirates,2025-02-17 14:00:00,259,231,False,False,10,EKEDIDXB1400
827,2025-02-17,GLA-DXB,Emirates,2025-02-17 20:00:00,427,398,False,False,21,EKGLADXB2000
828,2025-02-18,EDI-DXB,Emirates,2025-02-18 14:00:00,259,221,False,False,6,EKEDIDXB1400
829,2025-02-18,GLA-DXB,Emirates,2025-02-18 20:00:00,427,395,False,False,11,EKGLADXB2000
830,2025-02-19,EDI-DXB,Emirates,2025-02-19 14:00:00,259,238,False,False,14,EKEDIDXB1400
831,2025-02-19,GLA-DXB,Emirates,2025-02-19 20:00:00,427,392,False,False,31,EKGLADXB2000
832,2025-02-20,EDI-DXB,Emirates,2025-02-20 14:00:00,259,235,False,False,14,EKEDIDXB1400
833,2025-02-20,GLA-DXB,Emirates,2025-02-20 20:00:00,427,380,False,False,16,EKGLADXB2000
834,2025-02-21,EDI-DXB,Emirates,2025-02-21 14:00:00,259,242,False,False,25,EKEDIDXB1400
835,2025-02-21,GLA-DXB,Emirates,2025-02-21 20:00:00,427,380,False,False,14,EKGLADXB2000
836,2025-02-22,EDI-DXB,Emirates,2025-02-22 14:00:00,259,233,True,False,16,EKEDIDXB1400
837,2025-02-22,GLA-DXB,Emirates,2025-02-22 20:00:00,427,371,True,False,24,EKGLADXB2000
838,2025-02-23,EDI-DXB,Emirates,2025-02-23 14:00:00,259,224,True,False,24,EKEDIDXB1400
839,2025-02-23,GLA-DXB,Emirates,2025-02-23 20:00:00,427,394,True,False,13,EKGLADXB2000
840,2025-02-24,EDI-DXB,Emirates,2025-02-24 14:00:00,259,228,False,False,26,EKEDIDXB1400
841,2025-02-24,GLA-DXB,Emirates,2025-02-24 20:00:00,427,373,False,False,27,EKGLADXB2000
842,2025-02-25,EDI-DXB,Emirates,2025-02-25 14:00:00,259,242,False,False,12,EKEDIDXB1400
843,2025-02-25,GLA-DXB,Emirates,2025-02-25 20:00:00,427,379,False,False,19,EKGLADXB2000
844,2025-02-26,EDI-DXB,Emirates,2025-02-26 14:00:00,259,220,False,False,13,EKEDIDXB1400
845,2025-02-26,GLA-DXB,Emirates,2025-02-26 20:00:00,427,369,False,False,29,EKGLADXB2000
846,2025-02-27,EDI-DXB,Emirates,2025-02-27 14:00:00,259,222,False,False,29,EKEDIDXB1400
847,2025-02-27,GLA-DXB,Emirates,2025-02-27 20:00:00,427,395,False,False,24,EKGLADXB2000
848,2025-02-28,EDI-DXB,Emirates,2025-02-28 14:00:00,259,219,False,False,8,EKEDIDXB1400
849,2025-02-28,GLA-DXB,Emirates,2025-02-28 20:00:00,427,360,False,False,25,EKGLADXB2000
850,2025-03-01,EDI-DXB,Emirates,2025-03-01 14:00:00,259,231,True,False,31,EKEDIDXB1400
851,2025-03-01,GLA-DXB,Emirates,2025-03-01 20:00:00,427,382,True,False,29,EKGLADXB2000
852,2025-03-02,EDI-DXB,Emirates,2025-03-02 14:00:00,259,233,True,False,22,EKEDIDXB1400
853,2025-03-02,GLA-DXB,Emirates,2025-03-02 20:00:00,427,370,True,False,24,EKGLADXB2000
854,2025-03-03,EDI-DXB,Emirates,2025-03-03 14:00:00,259,214,False,False,2,EKEDIDXB1400
855,2025-03-03,GLA-DXB,Emirates,2025-03-03 20:00:00,427,376,False,False,31,EKGLADXB2000
856,2025-03-04,EDI-DXB,Emirates,2025-03-04 14:00:00,259,230,False,False,24,EKEDIDXB1400
857,2025-03-04,GLA-DXB,Emirates,2025-03-04 20:00:00,427,401,False,False,28,EKGLADXB2000
858,2025-03-05,EDI-DXB,Emirates,2025-03-05 14:00:00,259,233,False,False,23,EKEDIDXB1400
859,2025-03-05,GLA-DXB,Emirates,2025-03-05 20:00:00,427,374,False,False,16,EKGLADXB2000
860,2025-03-06,EDI-DXB,Emirates,2025-03-06 14:00:00,259,219,False,False,18,EKEDIDXB1400
861,2025-03-06,GLA-DXB,Emirates,2025-03-06 20:00:00,427,382,False,False,25,EKGLADXB2000
862,2025-03-07,EDI-DXB,Emirates,2025-03-07 14:00:00,259,215,False,False,10,EKEDIDXB1400
863,2025-03-07,GLA-DXB,Emirates,2025-03-07 20:00:00,427,383,False,False,13,EKGLADXB2000
864,2025-03-08,EDI-DXB,Emirates,2025-03-08 14:00:00,259,237,True,False,10,EKEDIDXB1400
865,2025-03-08,GLA-DXB,Emirates,2025-03-08 20:00:00,427,376,True,False,12,EKGLADXB2000
866,2025-03-09,EDI-DXB,Emirates,2025-03-09 14:00:00,259,221,True,False,11,EKEDIDXB1400
867,2025-03-09,GLA-DXB,Emirates,2025-03-09 20:00:00,427,374,True,False,14,EKGLADXB2000
868,2025-03-10,EDI-DXB,Emirates,2025-03-10 14:00:00,259,227,False,False,13,EKEDIDXB1400
869,2025-03-10,GLA-DXB,Emirates,2025-03-10 20:00:00,427,362,False,False,18,EKGLADXB2000
870,2025-03-11,EDI-DXB,Emirates,2025-03-11 14:00:00,259,234,False,False,1,EKEDIDXB1400
871,2025-03-11,GLA-DXB,Emirates,2025-03-11 20:00:00,427,373,False,False,32,EKGLADXB2000
872,2025-03-12,EDI-DXB,Emirates,2025-03-12 14:00:00,259,213,False,False,5,EKEDIDXB1400
873,2025-03-12,GLA-DXB,Emirates,2025-03-12 20:00:00,427,379,False,False,7,EKGLADXB2000
874,2025-03-13,EDI-DXB,Emirates,2025-03-13 14:00:00,259,218,False,False,21,EKEDIDXB1400
875,2025-03-13,GLA-DXB,Emirates,2025-03-13 20:00:00,427,364,False,False,25,EKGLADXB2000
876,2025-03-14,EDI-DXB,Emirates,2025-03-14 14:00:00,259,241,False,False,6,EKEDIDXB1400
877,2025-03-14,GLA-DXB,Emirates,2025-03-14 20:00:00,427,384,False,False,12,EKGLADXB2000
878,2025-03-15,EDI-DXB,Emirates,2025-03-15 14:00:00,259,235,True,False,29,EKEDIDXB1400
879,2025-03-15,GLA-DXB,Emirates,2025-03-15 20:00:00,427,377,True,False,15,EKGLADXB2000
880,2025-03-16,EDI-DXB,Emirates,2025-03-16 14:00:00,259,226,True,False,12,EKEDIDXB1400
881,2025-03-16,GLA-DXB,Emirates,2025-03-16 20:00:00,427,407,True,False,29,EKGLADXB2000
882,2025-03-17,EDI-DXB,Emirates,2025-03-17 14:00:00,259,218,False,False,8,EKEDIDXB1400
883,2025-03-17,GLA-DXB,Emirates,2025-03-17 20:00:00,427,370,False,False,14,EKGLADXB2000
884,2025-03-18,EDI-DXB,Emirates,2025-03-18 14:00:00,259,230,False,False,16,EKEDIDXB1400
885,2025-03-18,GLA-DXB,Emirates,2025-03-18 20:00:00,427,378,False,False,14,EKGLADXB2000
886,2025-03-19,EDI-DXB,Emirates,2025-03-19 14:00:00,259,241,False,False,10,EKEDIDXB1400
887,2025-03-19,GLA-DXB,Emirates,2025-03-19 20:00:00,427,384,False,False,32,EKGLADXB2000
888,2025-03-20,EDI-DXB,Emirates,2025-03-20 14:00:00,259,217,False,False,9,EKEDIDXB1400
889,2025-03-20,GLA-DXB,Emirates,2025-03-20 20:00:00,427,378,False,False,20,EKGLADXB2000
890,2025-03-21,EDI-DXB,Emirates,2025-03-21 14:00:00,259,230,False,False,13,EKEDIDXB1400
891,2025-03-21,GLA-DXB,Emirates,2025-03-21 20:00:00,427,391,False,False,8,EKGLADXB2000
892,2025-03-22,EDI-DXB,Emirates,2025-03-22 14:00:00,259,231,True,False,19,EKEDIDXB1400
893,2025-03-22,GLA-DXB,Emirates,2025-03-22 20:00:00,427,377,True,False,11,EKGLADXB2000
894,2025-03-23,EDI-DXB,Emirates,2025-03-23 14:00:00,259,229,True,False,10,EKEDIDXB1400
895,2025-03-23,GLA-DXB,Emirates,2025-03-23 20:00:00,427,391,True,False,19,EKGLADXB2000
896,2025-03-24,EDI-DXB,Emirates,2025-03-24 14:00:00,259,226,False,False,6,EKEDIDXB1400
897,2025-03-24,GLA-DXB,Emirates,2025-03-24 20:00:00,427,374,False,False,27,EKGLADXB2000
898,2025-03-25,EDI-DXB,Emirates,2025-03-25 14:00:00,259,220,False,False,11,EKEDIDXB1400
899,2025-03-25,GLA-DXB,Emirates,2025-03-25 20:00:00,427,385,False,False,10,EKGLADXB2000
900,2025-03-26,EDI-DXB,Emirates,2025-03-26 14:00:00,259,226,False,False,9,EKEDIDXB1400
901,2025-03-26,GLA-DXB,Emirates,2025-03-26 20:00:00,427,371,False,False,16,EKGLADXB2000
902,2025-03-27,EDI-DXB,Emirates,2025-03-27 14:00:00,259,223,False,False,15,EKEDIDXB1400
903,2025-03-27,GLA-DXB,Emirates,2025-03-27 20:00:00,427,372,False,False,19,EKGLADXB2000
904,2025-03-28,EDI-DXB,Emirates,2025-03-28 14:00:00,259,231,False,False,7,EKEDIDXB1400
905,2025-03-28,GLA-DXB,Emirates,2025-03-28 20:00:00,427,354,False,False,24,EKGLADXB2000
906,2025-03-29,EDI-DXB,Emirates,2025-03-29 14:00:00,259,232,True,False,12,EKEDIDXB1400
907,2025-03-29,GLA-DXB,Emirates,2025-03-29 20:00:00,427,411,True,False,33,EKGLADXB2000
908,2025-03-30,EDI-DXB,Emirates,2025-03-30 14:00:00,259,247,True,False,23,EKEDIDXB1400
909,2025-03-30,GLA-DXB,Emirates,2025-03-30 20:00:00,427,391,True,False,18,EKGLADXB2000
910,2025-03-31,EDI-DXB,Emirates,2025-03-31 14:00:00,259,216,False,False,25,EKEDIDXB1400
911,2025-03-31,GLA-DXB,Emirates,2025-03-31 20:00:00,427,369,False,False,25,EKGLADXB2000
912,2025-04-01,EDI-DXB,Emirates,2025-04-01 14:00:00,259,229,False,False,3,EKEDIDXB1400
913,2025-04-01,GLA-DXB,Emirates,2025-04-01 20:00:00,427,375,False,False,22,EKGLADXB2000
914,2025-04-02,EDI-DXB,Emirates,2025-04-02 14:00:00,259,225,False,False,20,EKEDIDXB1400
915,2025-04-02,GLA-DXB,Emirates,2025-04-02 20:00:00,427,365,False,False,19,EKGLADXB2000
916,2025-04-03,EDI-DXB,Emirates,2025-04-03 14:00:00,259,243,False,False,9,EKEDIDXB1400
917,2025-04-03,GLA-DXB,Emirates,2025-04-03 20:00:00,427,350,False,False,34,EKGLADXB2000
918,2025-04-04,EDI-DXB,Emirates,2025-04-04 14:00:00,259,216,False,False,13,EKEDIDXB1400
919,2025-04-04,GLA-DXB,Emirates,2025-04-04 20:00:00,427,379,False,False,28,EKGLADXB2000
920,2025-04-05,EDI-DXB,Emirates,2025-04-05 14:00:00,259,241,True,False,9,EKEDIDXB1400
921,2025-04-05,GLA-DXB,Emirates,2025-04-05 20:00:00,427,381,True,False,26,EKGLADXB2000
922,2025-04-06,EDI-DXB,Emirates,2025-04-06 14:00:00,259,217,True,False,18,EKEDIDXB1400
923,2025-04-06,GLA-DXB,Emirates,2025-04-06 20:00:00,427,413,True,False,24,EKGLADXB2000
924,2025-04-07,EDI-DXB,Emirates,2025-04-07 14:00:00,259,216,False,True,34,EKEDIDXB1400
925,2025-04-07,GLA-DXB,Emirates,2025-04-07 20:00:00,427,361,False,True,31,EKGLADXB2000
926,2025-04-08,EDI-DXB,Emirates,2025-04-08 14:00:00,259,244,False,True,29,EKEDIDXB1400
927,2025-04-08,GLA-DXB,Emirates,2025-04-08 20:00:00,427,385,False,True,36,EKGLADXB2000
928,2025-04-09,EDI-DXB,Emirates,2025-04-09 14:00:00,259,229,False,True,30,EKEDIDXB1400
929,2025-04-09,GLA-DXB,Emirates,2025-04-09 20:00:00,427,364,False,True,35,EKGLADXB2000
930,2025-04-10,EDI-DXB,Emirates,2025-04-10 14:00:00,259,213,False,True,39,EKEDIDXB1400
931,2025-04-10,GLA-DXB,Emirates,2025-04-10 20:00:00,427,380,False,True,31,EKGLADXB2000
932,2025-04-11,EDI-DXB,Emirates,2025-04-11 14:00:00,259,217,False,True,16,EKEDIDXB1400
933,2025-04-11,GLA-DXB,Emirates,2025-04-11 20:00:00,427,377,False,True,50,EKGLADXB2000
934,2025-04-12,EDI-DXB,Emirates,2025-04-12 14:00:00,259,245,True,True,24,EKEDIDXB1400
935,2025-04-12,GLA-DXB,Emirates,2025-04-12 20:00:00,427,384,True,True,41,EKGLADXB2000
936,2025-04-13,EDI-DXB,Emirates,2025-04-13 14:00:00,259,219,True,True,12,EKEDIDXB1400
937,2025-04-13,GLA-DXB,Emirates,2025-04-13 20:00:00,427,403,True,True,27,EKGLADXB2000
938,2025-04-14,EDI-DXB,Emirates,2025-04-14 14:00:00,259,219,False,True,43,EKEDIDXB1400
939,2025-04-14,GLA-DXB,Emirates,2025-04-14 20:00:00,427,387,False,True,35,EKGLADXB2000
940,2025-04-15,EDI-DXB,Emirates,2025-04-15 14:00:00,259,219,False,True,43,EKEDIDXB1400
941,2025-04-15,GLA-DXB,Emirates,2025-04-15 20:00:00,427,384,False,True,63,EKGLADXB2000
942,2025-04-16,EDI-DXB,Emirates,2025-04-16 14:00:00,259,218,False,True,38,EKEDIDXB1400
943,2025-04-16,GLA-DXB,Emirates,2025-04-16 20:00:00,427,397,False,True,33,EKGLADXB2000
944,2025-04-17,EDI-DXB,Emirates,2025-04-17 14:00:00,259,229,False,True,31,EKEDIDXB1400
945,2025-04-17,GLA-DXB,Emirates,2025-04-17 20:00:00,427,380,False,True,36,EKGLADXB2000
946,2025-04-18,EDI-DXB,Emirates,2025-04-18 14:00:00,259,246,False,True,11,EKEDIDXB1400
947,2025-04-18,GLA-DXB,Emirates,2025-04-18 20:00:00,427,365,False,True,45,EKGLADXB2000
948,2025-04-19,EDI-DXB,Emirates,2025-04-19 14:00:00,259,232,True,False,10,EKEDIDXB1400
949,2025-04-19,GLA-DXB,Emirates,2025-04-19 20:00:00,427,375,True,False,14,EKGLADXB2000
950,2025-04-20,EDI-DXB,Emirates,2025-04-20 14:00:00,259,234,True,False,19,EKEDIDXB1400
951,2025-04-20,GLA-DXB,Emirates,2025-04-20 20:00:00,427,394,True,False,14,EKGLADXB2000
952,2025-04-21,EDI-DXB,Emirates,2025-04-21 14:00:00,259,223,False,False,14,EKEDIDXB1400
953,2025-04-21,GLA-DXB,Emirates,2025-04-21 20:00:00,427,377,False,False,38,EKGLADXB2000
954,2025-04-22,EDI-DXB,Emirates,2025-04-22 14:00:00,259,226,False,False,18,EKEDIDXB1400
955,2025-04-22,GLA-DXB,Emirates,2025-04-22 20:00:00,427,369,False,False,18,EKGLADXB2000
956,2025-04-23,EDI-DXB,Emirates,2025-04-23 14:00:00,259,246,False,False,28,EKEDIDXB1400
957,2025-04-23,GLA-DXB,Emirates,2025-04-23 20:00:00,427,383,False,False,9,EKGLADXB2000
958,2025-04-24,EDI-DXB,Emirates,2025-04-24 14:00:00,259,214,False,False,11,EKEDIDXB1400
959,2025-04-24,GLA-DXB,Emirates,2025-04-24 20:00:00,427,375,False,False,18,EKGLADXB2000
960,2025-04-25,EDI-DXB,Emirates,2025-04-25 14:00:00,259,217,False,False,17,EKEDIDXB1400
961,2025-04-25,GLA-DXB,Emirates,2025-04-25 20:00:00,427,399,False,False,5,EKGLADXB2000
962,2025-04-26,EDI-DXB,Emirates,2025-04-26 14:00:00,259,225,True,False,24,EKEDIDXB1400
963,2025-04-26,GLA-DXB,Emirates,2025-04-26 20:00:00,427,397,True,False,27,EKGLADXB2000
964,2025-04-27,EDI-DXB,Emirates,2025-04-27 14:00:00,259,256,True,False,11,EKEDIDXB1400
965,2025-04-27,GLA-DXB,Emirates,2025-04-27 20:00:00,427,397,True,False,16,EKGLADXB2000
966,2025-04-28,EDI-DXB,Emirates,2025-04-28 14:00:00,259,227,False,False,8,EKEDIDXB1400
967,2025-04-28,GLA-DXB,Emirates,2025-04-28 20:00:00,427,397,False,False,4,EKGLADXB2000
968,2025-04-29,EDI-DXB,Emirates,2025-04-29 14:00:00,259,231,False,False,6,EKEDIDXB1400
969,2025-04-29,GLA-DXB,Emirates,2025-04-29 20:00:00,427,381,False,False,13,EKGLADXB2000
970,2025-04-30,EDI-DXB,Emirates,2025-04-30 14:00:00,259,225,False,False,3,EKEDIDXB1400
971,2025-04-30,GLA-DXB,Emirates,2025-04-30 20:00:00,427,387,False,False,21,EKGLADXB2000
972,2025-05-01,EDI-DXB,Emirates,2025-05-01 14:00:00,259,226,False,False,22,EKEDIDXB1400
973,2025-05-01,GLA-DXB,Emirates,2025-05-01 20:00:00,427,359,False,False,29,EKGLADXB2000
974,2025-05-02,EDI-DXB,Emirates,2025-05-02 14:00:00,259,225,False,False,18,EKEDIDXB1400
975,2025-05-02,GLA-DXB,Emirates,2025-05-02 20:00:00,427,372,False,False,11,EKGLADXB2000
976,2025-05-03,EDI-DXB,Emirates,2025-05-03 14:00:00,259,235,True,False,27,EKEDIDXB1400
977,2025-05-03,GLA-DXB,Emirates,2025-05-03 20:00:00,427,394,True,False,34,EKGLADXB2000
978,2025-05-04,EDI-DXB,Emirates,2025-05-04 14:00:00,259,235,True,False,22,EKEDIDXB1400
979,2025-05-04,GLA-DXB,Emirates,2025-05-04 20:00:00,427,391,True,False,28,EKGLADXB2000
980,2025-05-05,EDI-DXB,Emirates,2025-05-05 14:00:00,259,234,False,False,8,EKEDIDXB1400
981,2025-05-05,GLA-DXB,Emirates,2025-05-05 20:00:00,427,379,False,False,26,EKGLADXB2000
982,2025-05-06,EDI-DXB,Emirates,2025-05-06 14:00:00,259,224,False,False,11,EKEDIDXB1400
983,2025-05-06,GLA-DXB,Emirates,2025-05-06 20:00:00,427,401,False,False,18,EKGLADXB2000
984,2025-05-07,EDI-DXB,Emirates,2025-05-07 14:00:00,259,229,False,False,19,EKEDIDXB1400
985,2025-05-07,GLA-DXB,Emirates,2025-05-07 20:00:00,427,394,False,False,10,EKGLADXB2000
986,2025-05-08,EDI-DXB,Emirates,2025-05-08 14:00:00,259,232,False,False,23,EKEDIDXB1400
987,2025-05-08,GLA-DXB,Emirates,2025-05-08 20:00:00,427,366,False,False,35,EKGLADXB2000
988,2025-05-09,EDI-DXB,Emirates,2025-05-09 14:00:00,259,219,False,False,26,EKEDIDXB1400
989,2025-05-09,GLA-DXB,Emirates,2025-05-09 20:00:00,427,360,False,False,22,EKGLADXB2000
990,2025-05-10,EDI-DXB,Emirates,2025-05-10 14:00:00,259,234,True,False,27,EKEDIDXB1400
991,2025-05-10,GLA-DXB,Emirates,2025-05-10 20:00:00,427,386,True,False,26,EKGLADXB2000
992,2025-05-11,EDI-DXB,Emirates,2025-05-11 14:00:00,259,239,True,False,1,EKEDIDXB1400
993,2025-05-11,GLA-DXB,Emirates,2025-05-11 20:00:00,427,381,True,False,39,EKGLADXB2000
994,2025-05-12,EDI-DXB,Emirates,2025-05-12 14:00:00,259,232,False,False,7,EKEDIDXB1400
995,2025-05-12,GLA-DXB,Emirates,2025-05-12 20:00:00,427,356,False,False,21,EKGLADXB2000
996,2025-05-13,EDI-DXB,Emirates,2025-05-13 14:00:00,259,222,False,False,28,EKEDIDXB1400
997,2025-05-13,GLA-DXB,Emirates,2025-05-13 20:00:00,427,390,False,False,15,EKGLADXB2000
998,2025-05-14,EDI-DXB,Emirates,2025-05-14 14:00:00,259,218,False,False,5,EKEDIDXB1400
999,2025-05-14,GLA-DXB,Emirates,2025-05-14 20:00:00,427,361,False,False,14,EKGLADXB2000
1000,2025-05-15,EDI-DXB,Emirates,2025-05-15 14:00:00,259,222,False,False,9,EKEDIDXB1400
1001,2025-05-15,GLA-DXB,Emirates,2025-05-15 20:00:00,427,403,False,False,23,EKGLADXB2000
1002,2025-05-16,EDI-DXB,Emirates,2025-05-16 14:00:00,259,229,False,False,7,EKEDIDXB1400
1003,2025-05-16,GLA-DXB,Emirates,2025-05-16 20:00:00,427,390,False,False,12,EKGLADXB2000
1004,2025-05-17,EDI-DXB,Emirates,2025-05-17 14:00:00,259,221,True,False,22,EKEDIDXB1400
1005,2025-05-17,GLA-DXB,Emirates,2025-05-17 20:00:00,427,392,True,False,14,EKGLADXB2000
1006,2025-05-18,EDI-DXB,Emirates,2025-05-18 14:00:00,259,239,True,False,25,EKEDIDXB1400
1007,2025-05-18,GLA-DXB,Emirates,2025-05-18 20:00:00,427,396,True,False,13,EKGLADXB2000
1008,2025-05-19,EDI-DXB,Emirates,2025-05-19 14:00:00,259,237,False,False,15,EKEDIDXB1400
1009,2025-05-19,GLA-DXB,Emirates,2025-05-19 20:00:00,427,388,False,False,22,EKGLADXB2000
1010,2025-05-20,EDI-DXB,Emirates,2025-05-20 14:00:00,259,232,False,False,20,EKEDIDXB1400
1011,2025-05-20,GLA-DXB,Emirates,2025-05-20 20:00:00,427,366,False,False,17,EKGLADXB2000
1012,2025-05-21,EDI-DXB,Emirates,2025-05-21 14:00:00,259,226,False,False,7,EKEDIDXB1400
1013,2025-05-21,GLA-DXB,Emirates,2025-05-21 20:00:00,427,372,False,False,17,EKGLADXB2000
1014,2025-05-22,EDI-DXB,Emirates,2025-05-22 14:00:00,259,232,False,False,23,EKEDIDXB1400
1015,2025-05-22,GLA-DXB,Emirates,2025-05-22 20:00:00,427,359,False,False,20,EKGLADXB2000
1016,2025-05-23,EDI-DXB,Emirates,2025-05-23 14:00:00,259,231,False,False,19,EKEDIDXB1400
1017,2025-05-23,GLA-DXB,Emirates,2025-05-23 20:00:00,427,367,False,False,19,EKGLADXB2000
1018,2025-05-24,EDI-DXB,Emirates,2025-05-24 14:00:00,259,217,True,False,10,EKEDIDXB1400
1019,2025-05-24,GLA-DXB,Emirates,2025-05-24 20:00:00,427,381,True,False,31,EKGLADXB2000
1020,2025-05-25,EDI-DXB,Emirates,2025-05-25 14:00:00,259,224,True,False,31,EKEDIDXB1400
1021,2025-05-25,GLA-DXB,Emirates,2025-05-25 20:00:00,427,365,True,False,15,EKGLADXB2000
1022,2025-05-26,EDI-DXB,Emirates,2025-05-26 14:00:00,259,228,False,False,6,EKEDIDXB1400
1023,2025-05-26,GLA-DXB,Emirates,2025-05-26 20:00:00,427,382,False,False,29,EKGLADXB2000
1024,2025-05-27,EDI-DXB,Emirates,2025-05-27 14:00:00,259,224,False,False,25,EKEDIDXB1400
1025,2025-05-27,GLA-DXB,Emirates,2025-05-27 20:00:00,427,386,False,False,31,EKGLADXB2000
1026,2025-05-28,EDI-DXB,Emirates,2025-05-28 14:00:00,259,220,False,False,16,EKEDIDXB1400
1027,2025-05-28,GLA-DXB,Emirates,2025-05-28 20:00:00,427,395,False,False,16,EKGLADXB2000
1028,2025-05-29,EDI-DXB,Emirates,2025-05-29 14:00:00,259,218,False,False,21,EKEDIDXB1400
1029,2025-05-29,GLA-DXB,Emirates,2025-05-29 20:00:00,427,374,False,False,30,EKGLADXB2000
1030,2025-05-30,EDI-DXB,Emirates,2025-05-30 14:00:00,259,221,False,False,3,EKEDIDXB1400
1031,2025-05-30,GLA-DXB,Emirates,2025-05-30 20:00:00,427,374,False,False,36,EKGLADXB2000
1032,2025-05-31,EDI-DXB,Emirates,2025-05-31 14:00:00,259,223,True,False,21,EKEDIDXB1400
1033,2025-05-31,GLA-DXB,Emirates,2025-05-31 20:00:00,427,365,True,False,4,EKGLADXB2000
1034,2025-06-01,EDI-DXB,Emirates,2025-06-01 14:00:00,259,228,True,False,34,EKEDIDXB1400
1035,2025-06-01,GLA-DXB,Emirates,2025-06-01 20:00:00,427,383,True,False,27,EKGLADXB2000
1036,2025-06-02,EDI-DXB,Emirates,2025-06-02 14:00:00,259,224,False,False,11,EKEDIDXB1400
1037,2025-06-02,GLA-DXB,Emirates,2025-06-02 20:00:00,427,393,False,False,20,EKGLADXB2000
1038,2025-06-03,EDI-DXB,Emirates,2025-06-03 14:00:00,259,222,False,False,19,EKEDIDXB1400
1039,2025-06-03,GLA-DXB,Emirates,2025-06-03 20:00:00,427,384,False,False,13,EKGLADXB2000
1040,2025-06-04,EDI-DXB,Emirates,2025-06-04 14:00:00,259,235,False,False,26,EKEDIDXB1400
1041,2025-06-04,GLA-DXB,Emirates,2025-06-04 20:00:00,427,370,False,False,27,EKGLADXB2000
1042,2025-06-05,EDI-DXB,Emirates,2025-06-05 14:00:00,259,228,False,False,12,EKEDIDXB1400
1043,2025-06-05,GLA-DXB,Emirates,2025-06-05 20:00:00,427,383,False,False,34,EKGLADXB2000
1044,2025-06-06,EDI-DXB,Emirates,2025-06-06 14:00:00,259,241,False,False,7,EKEDIDXB1400
1045,2025-06-06,GLA-DXB,Emirates,2025-06-06 20:00:00,427,383,False,False,10,EKGLADXB2000
1046,2025-06-07,EDI-DXB,Emirates,2025-06-07 14:00:00,259,223,True,False,21,EKEDIDXB1400
1047,2025-06-07,GLA-DXB,Emirates,2025-06-07 20:00:00,427,384,True,False,36,EKGLADXB2000
1048,2025-06-08,EDI-DXB,Emirates,2025-06-08 14:00:00,259,242,True,False,7,EKEDIDXB1400
1049,2025-06-08,GLA-DXB,Emirates,2025-06-08 20:00:00,427,380,True,False,23,EKGLADXB2000
1050,2025-06-09,EDI-DXB,Emirates,2025-06-09 14:00:00,259,227,False,False,11,EKEDIDXB1400
1051,2025-06-09,GLA-DXB,Emirates,2025-06-09 20:00:00,427,377,False,False,20,EKGLADXB2000
1052,2025-06-10,EDI-DXB,Emirates,2025-06-10 14:00:00,259,220,False,False,13,EKEDIDXB1400
1053,2025-06-10,GLA-DXB,Emirates,2025-06-10 20:00:00,427,376,False,False,19,EKGLADXB2000
1054,2025-06-11,EDI-DXB,Emirates,2025-06-11 14:00:00,259,233,False,False,19,EKEDIDXB1400
1055,2025-06-11,GLA-DXB,Emirates,2025-06-11 20:00:00,427,376,False,False,33,EKGLADXB2000
1056,2025-06-12,EDI-DXB,Emirates,2025-06-12 14:00:00,259,224,False,False,13,EKEDIDXB1400
1057,2025-06-12,GLA-DXB,Emirates,2025-06-12 20:00:00,427,379,False,False,26,EKGLADXB2000
1058,2025-06-13,EDI-DXB,Emirates,2025-06-13 14:00:00,259,241,False,False,9,EKEDIDXB1400
1059,2025-06-13,GLA-DXB,Emirates,2025-06-13 20:00:00,427,356,False,False,23,EKGLADXB2000
1060,2025-06-14,EDI-DXB,Emirates,2025-06-14 14:00:00,259,244,True,False,20,EKEDIDXB1400
1061,2025-06-14,GLA-DXB,Emirates,2025-06-14 20:00:00,427,387,True,False,11,EKGLADXB2000
1062,2025-06-15,EDI-DXB,Emirates,2025-06-15 14:00:00,259,222,True,False,21,EKEDIDXB1400
1063,2025-06-15,GLA-DXB,Emirates,2025-06-15 20:00:00,427,392,True,False,17,EKGLADXB2000
1064,2025-06-16,EDI-DXB,Emirates,2025-06-16 14:00:00,259,231,False,False,7,EKEDIDXB1400
1065,2025-06-16,GLA-DXB,Emirates,2025-06-16 20:00:00,427,384,False,False,27,EKGLADXB2000
1066,2025-06-17,EDI-DXB,Emirates,2025-06-17 14:00:00,259,229,False,False,7,EKEDIDXB1400
1067,2025-06-17,GLA-DXB,Emirates,2025-06-17 20:00:00,427,371,False,False,25,EKGLADXB2000
1068,2025-06-18,EDI-DXB,Emirates,2025-06-18 14:00:00,259,217,False,False,13,EKEDIDXB1400
1069,2025-06-18,GLA-DXB,Emirates,2025-06-18 20:00:00,427,383,False,False,9,EKGLADXB2000
1070,2025-06-19,EDI-DXB,Emirates,2025-06-19 14:00:00,259,224,False,False,14,EKEDIDXB1400
1071,2025-06-19,GLA-DXB,Emirates,2025-06-19 20:00:00,427,396,False,False,35,EKGLADXB2000
1072,2025-06-20,EDI-DXB,Emirates,2025-06-20 14:00:00,259,225,False,False,19,EKEDIDXB1400
1073,2025-06-20,GLA-DXB,Emirates,2025-06-20 20:00:00,427,379,False,False,13,EKGLADXB2000
1074,2025-06-21,EDI-DXB,Emirates,2025-06-21 14:00:00,259,231,True,False,18,EKEDIDXB1400
1075,2025-06-21,GLA-DXB,Emirates,2025-06-21 20:00:00,427,392,True,False,35,EKGLADXB2000
1076,2025-06-22,EDI-DXB,Emirates,2025-06-22 14:00:00,259,234,True,False,16,EKEDIDXB1400
1077,2025-06-22,GLA-DXB,Emirates,2025-06-22 20:00:00,427,387,True,False,18,EKGLADXB2000
1078,2025-06-23,EDI-DXB,Emirates,2025-06-23 14:00:00,259,228,False,False,10,EKEDIDXB1400
1079,2025-06-23,GLA-DXB,Emirates,2025-06-23 20:00:00,427,384,False,False,8,EKGLADXB2000
1080,2025-06-24,EDI-DXB,Emirates,2025-06-24 14:00:00,259,224,False,False,1,EKEDIDXB1400
1081,2025-06-24,GLA-DXB,Emirates,2025-06-24 20:00:00,427,368,False,False,27,EKGLADXB2000
1082,2025-06-25,EDI-DXB,Emirates,2025-06-25 14:00:00,259,225,False,False,22,EKEDIDXB1400
1083,2025-06-25,GLA-DXB,Emirates,2025-06-25 20:00:00,427,379,False,False,18,EKGLADXB2000
1084,2025-06-26,EDI-DXB,Emirates,2025-06-26 14:00:00,259,226,False,False,22,EKEDIDXB1400
1085,2025-06-26,GLA-DXB,Emirates,2025-06-26 20:00:00,427,394,False,False,21,EKGLADXB2000
1086,2025-06-27,EDI-DXB,Emirates,2025-06-27 14:00:00,259,231,False,False,16,EKEDIDXB1400
1087,2025-06-27,GLA-DXB,Emirates,2025-06-27 20:00:00,427,385,False,False,16,EKGLADXB2000
1088,2025-06-28,EDI-DXB,Emirates,2025-06-28 14:00:00,259,227,True,False,5,EKEDIDXB1400
1089,2025-06-28,GLA-DXB,Emirates,2025-06-28 20:00:00,427,391,True,False,30,EKGLADXB2000
1090,2025-06-29,EDI-DXB,Emirates,2025-06-29 14:00:00,259,220,True,False,19,EKEDIDXB1400
1091,2025-06-29,GLA-DXB,Emirates,2025-06-29 20:00:00,427,397,True,False,20,EKGLADXB2000
1092,2025-06-30,EDI-DXB,Emirates,2025-06-30 14:00:00,259,227,False,True,31,EKEDIDXB1400
1093,2025-06-30,GLA-DXB,Emirates,2025-06-30 20:00:00,427,382,False,True,63,EKGLADXB2000
1094,2025-07-01,EDI-DXB,Emirates,2025-07-01 14:00:00,259,216,False,True,10,EKEDIDXB1400
1095,2025-07-01,GLA-DXB,Emirates,2025-07-01 20:00:00,427,358,False,True,56,EKGLADXB2000
1096,2025-07-02,EDI-DXB,Emirates,2025-07-02 14:00:00,259,245,False,True,27,EKEDIDXB1400
1097,2025-07-02,GLA-DXB,Emirates,2025-07-02 20:00:00,427,358,False,True,44,EKGLADXB2000
1098,2025-07-03,EDI-DXB,Emirates,2025-07-03 14:00:00,259,229,False,True,39,EKEDIDXB1400
1099,2025-07-03,GLA-DXB,Emirates,2025-07-03 20:00:00,427,373,False,True,48,EKGLADXB2000
1100,2025-07-04,EDI-DXB,Emirates,2025-07-04 14:00:00,259,231,False,True,31,EKEDIDXB1400
1101,2025-07-04,GLA-DXB,Emirates,2025-07-04 20:00:00,427,343,False,True,40,EKGLADXB2000
1102,2025-07-05,EDI-DXB,Emirates,2025-07-05 14:00:00,259,223,True,True,25,EKEDIDXB1400
1103,2025-07-05,GLA-DXB,Emirates,2025-07-05 20:00:00,427,387,True,True,36,EKGLADXB2000
1104,2025-07-06,EDI-DXB,Emirates,2025-07-06 14:00:00,259,226,True,True,26,EKEDIDXB1400
1105,2025-07-06,GLA-DXB,Emirates,2025-07-06 20:00:00,427,365,True,True,45,EKGLADXB2000
1106,2025-07-07,EDI-DXB,Emirates,2025-07-07 14:00:00,259,245,False,True,21,EKEDIDXB1400
1107,2025-07-07,GLA-DXB,Emirates,2025-07-07 20:00:00,427,365,False,True,36,EKGLADXB2000
1108,2025-07-08,EDI-DXB,Emirates,2025-07-08 14:00:00,259,228,False,True,21,EKEDIDXB1400
1109,2025-07-08,GLA-DXB,Emirates,2025-07-08 20:00:00,427,352,False,True,52,EKGLADXB2000
1110,2025-07-09,EDI-DXB,Emirates,2025-07-09 14:00:00,259,222,False,True,38,EKEDIDXB1400
1111,2025-07-09,GLA-DXB,Emirates,2025-07-09 20:00:00,427,396,False,True,54,EKGLADXB2000
1112,2025-07-10,EDI-DXB,Emirates,2025-07-10 14:00:00,259,230,False,True,22,EKEDIDXB1400
1113,2025-07-10,GLA-DXB,Emirates,2025-07-10 20:00:00,427,382,False,True,41,EKGLADXB2000
1114,2025-07-11,EDI-DXB,Emirates,2025-07-11 14:00:00,259,232,False,True,18,EKEDIDXB1400
1115,2025-07-11,GLA-DXB,Emirates,2025-07-11 20:00:00,427,391,False,True,20,EKGLADXB2000
1116,2025-07-12,EDI-DXB,Emirates,2025-07-12 14:00:00,259,229,True,True,19,EKEDIDXB1400
1117,2025-07-12,GLA-DXB,Emirates,2025-07-12 20:00:00,427,395,True,True,40,EKGLADXB2000
1118,2025-07-13,EDI-DXB,Emirates,2025-07-13 14:00:00,259,246,True,True,29,EKEDIDXB1400
1119,2025-07-13,GLA-DXB,Emirates,2025-07-13 20:00:00,427,363,True,True,44,EKGLADXB2000
1120,2025-07-14,EDI-DXB,Emirates,2025-07-14 14:00:00,259,234,False,True,21,EKEDIDXB1400
1121,2025-07-14,GLA-DXB,Emirates,2025-07-14 20:00:00,427,404,False,True,30,EKGLADXB2000
1122,2025-07-15,EDI-DXB,Emirates,2025-07-15 14:00:00,259,211,False,True,32,EKEDIDXB1400
1123,2025-07-15,GLA-DXB,Emirates,2025-07-15 20:00:00,427,388,False,True,29,EKGLADXB2000
1124,2025-07-16,EDI-DXB,Emirates,2025-07-16 14:00:00,259,239,False,True,30,EKEDIDXB1400
1125,2025-07-16,GLA-DXB,Emirates,2025-07-16 20:00:00,427,387,False,True,44,EKGLADXB2000
1126,2025-07-17,EDI-DXB,Emirates,2025-07-17 14:00:00,259,220,False,True,26,EKEDIDXB1400
1127,2025-07-17,GLA-DXB,Emirates,2025-07-17 20:00:00,427,374,False,True,33,EKGLADXB2000
1128,2025-07-18,EDI-DXB,Emirates,2025-07-18 14:00:00,259,247,False,True,30,EKEDIDXB1400
1129,2025-07-18,GLA-DXB,Emirates,2025-07-18 20:00:00,427,382,False,True,54,EKGLADXB2000
1130,2025-07-19,EDI-DXB,Emirates,2025-07-19 14:00:00,259,238,True,True,23,EKEDIDXB1400
1131,2025-07-19,GLA-DXB,Emirates,2025-07-19 20:00:00,427,407,True,True,34,EKGLADXB2000
1132,2025-07-20,EDI-DXB,Emirates,2025-07-20 14:00:00,259,245,True,True,23,EKEDIDXB1400
1133,2025-07-20,GLA-DXB,Emirates,2025-07-20 20:00:00,427,411,True,True,36,EKGLADXB2000
1134,2025-07-21,EDI-DXB,Emirates,2025-07-21 14:00:00,259,234,False,True,38,EKEDIDXB1400
1135,2025-07-21,GLA-DXB,Emirates,2025-07-21 20:00:00,427,374,False,True,48,EKGLADXB2000
1136,2025-07-22,EDI-DXB,Emirates,2025-07-22 14:00:00,259,226,False,True,23,EKEDIDXB1400
1137,2025-07-22,GLA-DXB,Emirates,2025-07-22 20:00:00,427,387,False,True,39,EKGLADXB2000
1138,2025-07-23,EDI-DXB,Emirates,2025-07-23 14:00:00,259,223,False,True,44,EKEDIDXB1400
1139,2025-07-23,GLA-DXB,Emirates,2025-07-23 20:00:00,427,382,False,True,33,EKGLADXB2000
1140,2025-07-24,EDI-DXB,Emirates,2025-07-24 14:00:00,259,220,False,True,19,EKEDIDXB1400
1141,2025-07-24,GLA-DXB,Emirates,2025-07-24 20:00:00,427,392,False,True,60,EKGLADXB2000
1142,2025-07-25,EDI-DXB,Emirates,2025-07-25 14:00:00,259,229,False,True,39,EKEDIDXB1400
1143,2025-07-25,GLA-DXB,Emirates,2025-07-25 20:00:00,427,384,False,True,42,EKGLADXB2000
1144,2025-07-26,EDI-DXB,Emirates,2025-07-26 14:00:00,259,223,True,True,15,EKEDIDXB1400
1145,2025-07-26,GLA-DXB,Emirates,2025-07-26 20:00:00,427,387,True,True,34,EKGLADXB2000
1146,2025-07-27,EDI-DXB,Emirates,2025-07-27 14:00:00,259,250,True,True,26,EKEDIDXB1400
1147,2025-07-27,GLA-DXB,Emirates,2025-07-27 20:00:00,427,371,True,True,50,EKGLADXB2000
1148,2025-07-28,EDI-DXB,Emirates,2025-07-28 14:00:00,259,227,False,True,34,EKEDIDXB1400
1149,2025-07-28,GLA-DXB,Emirates,2025-07-28 20:00:00,427,361,False,True,36,EKGLADXB2000
1150,2025-07-29,EDI-DXB,Emirates,2025-07-29 14:00:00,259,216,False,True,20,EKEDIDXB1400
1151,2025-07-29,GLA-DXB,Emirates,2025-07-29 20:00:00,427,384,False,True,40,EKGLADXB2000
1152,2025-07-30,EDI-DXB,Emirates,2025-07-30 14:00:00,259,223,False,True,20,EKEDIDXB1400
1153,2025-07-30,GLA-DXB,Emirates,2025-07-30 20:00:00,427,389,False,True,28,EKGLADXB2000
1154,2025-07-31,EDI-DXB,Emirates,2025-07-31 14:00:00,259,231,False,True,24,EKEDIDXB1400
1155,2025-07-31,GLA-DXB,Emirates,2025-07-31 20:00:00,427,374,False,True,42,EKGLADXB2000
1156,2025-08-01,EDI-DXB,Emirates,2025-08-01 14:00:00,259,230,False,True,28,EKEDIDXB1400
1157,2025-08-01,GLA-DXB,Emirates,2025-08-01 20:00:00,427,392,False,True,32,EKGLADXB2000
1158,2025-08-02,EDI-DXB,Emirates,2025-08-02 14:00:00,259,242,True,True,18,EKEDIDXB1400
1159,2025-08-02,GLA-DXB,Emirates,2025-08-02 20:00:00,427,396,True,True,30,EKGLADXB2000
1160,2025-08-03,EDI-DXB,Emirates,2025-08-03 14:00:00,259,225,True,True,21,EKEDIDXB1400
1161,2025-08-03,GLA-DXB,Emirates,2025-08-03 20:00:00,427,395,True,True,40,EKGLADXB2000
1162,2025-08-04,EDI-DXB,Emirates,2025-08-04 14:00:00,259,220,False,True,19,EKEDIDXB1400
1163,2025-08-04,GLA-DXB,Emirates,2025-08-04 20:00:00,427,373,False,True,34,EKGLADXB2000
1164,2025-08-05,EDI-DXB,Emirates,2025-08-05 14:00:00,259,222,False,True,33,EKEDIDXB1400
1165,2025-08-05,GLA-DXB,Emirates,2025-08-05 20:00:00,427,370,False,True,31,EKGLADXB2000
1166,2025-08-06,EDI-DXB,Emirates,2025-08-06 14:00:00,259,224,False,True,8,EKEDIDXB1400
1167,2025-08-06,GLA-DXB,Emirates,2025-08-06 20:00:00,427,361,False,True,42,EKGLADXB2000
1168,2025-08-07,EDI-DXB,Emirates,2025-08-07 14:00:00,259,221,False,True,21,EKEDIDXB1400
1169,2025-08-07,GLA-DXB,Emirates,2025-08-07 20:00:00,427,378,False,True,40,EKGLADXB2000
1170,2025-08-08,EDI-DXB,Emirates,2025-08-08 14:00:00,259,228,False,True,28,EKEDIDXB1400
1171,2025-08-08,GLA-DXB,Emirates,2025-08-08 20:00:00,427,379,False,True,35,EKGLADXB2000
1172,2025-08-09,EDI-DXB,Emirates,2025-08-09 14:00:00,259,223,True,True,22,EKEDIDXB1400
1173,2025-08-09,GLA-DXB,Emirates,2025-08-09 20:00:00,427,361,True,True,30,EKGLADXB2000
1174,2025-08-10,EDI-DXB,Emirates,2025-08-10 14:00:00,259,229,True,True,35,EKEDIDXB1400
1175,2025-08-10,GLA-DXB,Emirates,2025-08-10 20:00:00,427,401,True,True,40,EKGLADXB2000
1176,2025-08-11,EDI-DXB,Emirates,2025-08-11 14:00:00,259,253,False,True,21,EKEDIDXB1400
1177,2025-08-11,GLA-DXB,Emirates,2025-08-11 20:00:00,427,368,False,True,35,EKGLADXB2000
1178,2025-08-12,EDI-DXB,Emirates,2025-08-12 14:00:00,259,240,False,True,25,EKEDIDXB1400
1179,2025-08-12,GLA-DXB,Emirates,2025-08-12 20:00:00,427,372,False,True,47,EKGLADXB2000
1180,2025-08-13,EDI-DXB,Emirates,2025-08-13 14:00:00,259,236,False,True,24,EKEDIDXB1400
1181,2025-08-13,GLA-DXB,Emirates,2025-08-13 20:00:00,427,372,False,True,42,EKGLADXB2000
1182,2025-08-14,EDI-DXB,Emirates,2025-08-14 14:00:00,259,226,False,True,19,EKEDIDXB1400
1183,2025-08-14,GLA-DXB,Emirates,2025-08-14 20:00:00,427,363,False,True,57,EKGLADXB2000
1184,2025-08-15,EDI-DXB,Emirates,2025-08-15 14:00:00,259,229,False,False,17,EKEDIDXB1400
1185,2025-08-15,GLA-DXB,Emirates,2025-08-15 20:00:00,427,379,False,False,15,EKGLADXB2000
1186,2025-08-16,EDI-DXB,Emirates,2025-08-16 14:00:00,259,254,True,False,7,EKEDIDXB1400
1187,2025-08-16,GLA-DXB,Emirates,2025-08-16 20:00:00,427,378,True,False,22,EKGLADXB2000
1188,2025-08-17,EDI-DXB,Emirates,2025-08-17 14:00:00,259,232,True,False,7,EKEDIDXB1400
1189,2025-08-17,GLA-DXB,Emirates,2025-08-17 20:00:00,427,377,True,False,22,EKGLADXB2000
1190,2025-08-18,EDI-DXB,Emirates,2025-08-18 14:00:00,259,219,False,False,4,EKEDIDXB1400
1191,2025-08-18,GLA-DXB,Emirates,2025-08-18 20:00:00,427,409,False,False,23,EKGLADXB2000
1192,2025-08-19,EDI-DXB,Emirates,2025-08-19 14:00:00,259,223,False,False,8,EKEDIDXB1400
1193,2025-08-19,GLA-DXB,Emirates,2025-08-19 20:00:00,427,352,False,False,20,EKGLADXB2000
1194,2025-08-20,EDI-DXB,Emirates,2025-08-20 14:00:00,259,236,False,False,18,EKEDIDXB1400
1195,2025-08-20,GLA-DXB,Emirates,2025-08-20 20:00:00,427,376,False,False,10,EKGLADXB2000
1196,2025-08-21,EDI-DXB,Emirates,2025-08-21 14:00:00,259,231,False,False,13,EKEDIDXB1400
1197,2025-08-21,GLA-DXB,Emirates,2025-08-21 20:00:00,427,354,False,False,29,EKGLADXB2000
1198,2025-08-22,EDI-DXB,Emirates,2025-08-22 14:00:00,259,227,False,False,23,EKEDIDXB1400
1199,2025-08-22,GLA-DXB,Emirates,2025-08-22 20:00:00,427,365,False,False,29,EKGLADXB2000
1200,2025-08-23,EDI-DXB,Emirates,2025-08-23 14:00:00,259,241,True,False,12,EKEDIDXB1400
1201,2025-08-23,GLA-DXB,Emirates,2025-08-23 20:00:00,427,396,True,False,9,EKGLADXB2000
1202,2025-08-24,EDI-DXB,Emirates,2025-08-24 14:00:00,259,226,True,False,16,EKEDIDXB1400
1203,2025-08-24,GLA-DXB,Emirates,2025-08-24 20:00:00,427,385,True,False,34,EKGLADXB2000
1204,2025-08-25,EDI-DXB,Emirates,2025-08-25 14:00:00,259,226,False,False,12,EKEDIDXB1400
1205,2025-08-25,GLA-DXB,Emirates,2025-08-25 20:00:00,427,366,False,False,11,EKGLADXB2000
1206,2025-08-26,EDI-DXB,Emirates,2025-08-26 14:00:00,259,233,False,False,5,EKEDIDXB1400
1207,2025-08-26,GLA-DXB,Emirates,2025-08-26 20:00:00,427,365,False,False,10,EKGLADXB2000
1208,2025-08-27,EDI-DXB,Emirates,2025-08-27 14:00:00,259,224,False,False,16,EKEDIDXB1400
1209,2025-08-27,GLA-DXB,Emirates,2025-08-27 20:00:00,427,366,False,False,25,EKGLADXB2000
1210,2025-08-28,EDI-DXB,Emirates,2025-08-28 14:00:00,259,242,False,False,12,EKEDIDXB1400
1211,2025-08-28,GLA-DXB,Emirates,2025-08-28 20:00:00,427,370,False,False,37,EKGLADXB2000
1212,2025-08-29,EDI-DXB,Emirates,2025-08-29 14:00:00,259,231,False,False,10,EKEDIDXB1400
1213,2025-08-29,GLA-DXB,Emirates,2025-08-29 20:00:00,427,393,False,False,31,EKGLADXB2000
1214,2025-08-30,EDI-DXB,Emirates,2025-08-30 14:00:00,259,231,True,False,17,EKEDIDXB1400
1215,2025-08-30,GLA-DXB,Emirates,2025-08-30 20:00:00,427,384,True,False,14,EKGLADXB2000
1216,2025-08-31,EDI-DXB,Emirates,2025-08-31 14:00:00,259,225,True,False,20,EKEDIDXB1400
1217,2025-08-31,GLA-DXB,Emirates,2025-08-31 20:00:00,427,375,True,False,24,EKGLADXB2000
1218,2025-09-01,EDI-DXB,Emirates,2025-09-01 14:00:00,259,230,False,False,11,EKEDIDXB1400
1219,2025-09-01,GLA-DXB,Emirates,2025-09-01 20:00:00,427,369,False,False,17,EKGLADXB2000
1220,2025-09-02,EDI-DXB,Emirates,2025-09-02 14:00:00,259,234,False,False,27,EKEDIDXB1400
1221,2025-09-02,GLA-DXB,Emirates,2025-09-02 20:00:00,427,376,False,False,26,EKGLADXB2000
1222,2025-09-03,EDI-DXB,Emirates,2025-09-03 14:00:00,259,217,False,False,9,EKEDIDXB1400
1223,2025-09-03,GLA-DXB,Emirates,2025-09-03 20:00:00,427,367,False,False,20,EKGLADXB2000
1224,2025-09-04,EDI-DXB,Emirates,2025-09-04 14:00:00,259,217,False,False,14,EKEDIDXB1400
1225,2025-09-04,GLA-DXB,Emirates,2025-09-04 20:00:00,427,390,False,False,36,EKGLADXB2000
1226,2025-09-05,EDI-DXB,Emirates,2025-09-05 14:00:00,259,220,False,False,16,EKEDIDXB1400
1227,2025-09-05,GLA-DXB,Emirates,2025-09-05 20:00:00,427,385,False,False,31,EKGLADXB2000
1228,2025-09-06,EDI-DXB,Emirates,2025-09-06 14:00:00,259,224,True,False,10,EKEDIDXB1400
1229,2025-09-06,GLA-DXB,Emirates,2025-09-06 20:00:00,427,374,True,False,14,EKGLADXB2000
1230,2025-09-07,EDI-DXB,Emirates,2025-09-07 14:00:00,259,234,True,False,17,EKEDIDXB1400
1231,2025-09-07,GLA-DXB,Emirates,2025-09-07 20:00:00,427,374,True,False,16,EKGLADXB2000
1232,2025-09-08,EDI-DXB,Emirates,2025-09-08 14:00:00,259,226,False,False,22,EKEDIDXB1400
1233,2025-09-08,GLA-DXB,Emirates,2025-09-08 20:00:00,427,356,False,False,24,EKGLADXB2000
1234,2025-09-09,EDI-DXB,Emirates,2025-09-09 14:00:00,259,225,False,False,24,EKEDIDXB1400
1235,2025-09-09,GLA-DXB,Emirates,2025-09-09 20:00:00,427,376,False,False,36,EKGLADXB2000
1236,2025-09-10,EDI-DXB,Emirates,2025-09-10 14:00:00,259,233,False,False,25,EKEDIDXB1400
1237,2025-09-10,GLA-DXB,Emirates,2025-09-10 20:00:00,427,365,False,False,28,EKGLADXB2000
1238,2025-09-11,EDI-DXB,Emirates,2025-09-11 14:00:00,259,221,False,False,3,EKEDIDXB1400
1239,2025-09-11,GLA-DXB,Emirates,2025-09-11 20:00:00,427,393,False,False,15,EKGLADXB2000
1240,2025-09-12,EDI-DXB,Emirates,2025-09-12 14:00:00,259,241,False,False,10,EKEDIDXB1400
1241,2025-09-12,GLA-DXB,Emirates,2025-09-12 20:00:00,427,383,False,False,29,EKGLADXB2000
1242,2025-09-13,EDI-DXB,Emirates,2025-09-13 14:00:00,259,245,True,False,23,EKEDIDXB1400
1243,2025-09-13,GLA-DXB,Emirates,2025-09-13 20:00:00,427,378,True,False,10,EKGLADXB2000
1244,2025-09-14,EDI-DXB,Emirates,2025-09-14 14:00:00,259,228,True,False,19,EKEDIDXB1400
1245,2025-09-14,GLA-DXB,Emirates,2025-09-14 20:00:00,427,386,True,False,8,EKGLADXB2000
1246,2025-09-15,EDI-DXB,Emirates,2025-09-15 14:00:00,259,216,False,False,18,EKEDIDXB1400
1247,2025-09-15,GLA-DXB,Emirates,2025-09-15 20:00:00,427,404,False,False,24,EKGLADXB2000
1248,2025-09-16,EDI-DXB,Emirates,2025-09-16 14:00:00,259,226,False,False,27,EKEDIDXB1400
1249,2025-09-16,GLA-DXB,Emirates,2025-09-16 20:00:00,427,385,False,False,32,EKGLADXB2000
1250,2025-09-17,EDI-DXB,Emirates,2025-09-17 14:00:00,259,241,False,False,17,EKEDIDXB1400
1251,2025-09-17,GLA-DXB,Emirates,2025-09-17 20:00:00,427,385,False,False,15,EKGLADXB2000
1252,2025-09-18,EDI-DXB,Emirates,2025-09-18 14:00:00,259,240,False,False,26,EKEDIDXB1400
1253,2025-09-18,GLA-DXB,Emirates,2025-09-18 20:00:00,427,386,False,False,25,EKGLADXB2000
1254,2025-09-19,EDI-DXB,Emirates,2025-09-19 14:00:00,259,222,False,False,6,EKEDIDXB1400
1255,2025-09-19,GLA-DXB,Emirates,2025-09-19 20:00:00,427,371,False,False,33,EKGLADXB2000
1256,2025-09-20,EDI-DXB,Emirates,2025-09-20 14:00:00,259,236,True,False,26,EKEDIDXB1400
1257,2025-09-20,GLA-DXB,Emirates,2025-09-20 20:00:00,427,385,True,False,10,EKGLADXB2000
1258,2025-09-21,EDI-DXB,Emirates,2025-09-21 14:00:00,259,238,True,False,29,EKEDIDXB1400
1259,2025-09-21,GLA-DXB,Emirates,2025-09-21 20:00:00,427,406,True,False,18,EKGLADXB2000
1260,2025-09-22,EDI-DXB,Emirates,2025-09-22 14:00:00,259,225,False,False,6,EKEDIDXB1400
1261,2025-09-22,GLA-DXB,Emirates,2025-09-22 20:00:00,427,372,False,False,30,EKGLADXB2000
1262,2025-09-23,EDI-DXB,Emirates,2025-09-23 14:00:00,259,221,False,False,4,EKEDIDXB1400
1263,2025-09-23,GLA-DXB,Emirates,2025-09-23 20:00:00,427,364,False,False,22,EKGLADXB2000
1264,2025-09-24,EDI-DXB,Emirates,2025-09-24 14:00:00,259,217,False,False,15,EKEDIDXB1400
1265,2025-09-24,GLA-DXB,Emirates,2025-09-24 20:00:00,427,387,False,False,12,EKGLADXB2000
1266,2025-09-25,EDI-DXB,Emirates,2025-09-25 14:00:00,259,238,False,False,24,EKEDIDXB1400
1267,2025-09-25,GLA-DXB,Emirates,2025-09-25 20:00:00,427,387,False,False,33,EKGLADXB2000
1268,2025-09-26,EDI-DXB,Emirates,2025-09-26 14:00:00,259,224,False,False,16,EKEDIDXB1400
1269,2025-09-26,GLA-DXB,Emirates,2025-09-26 20:00:00,427,398,False,False,10,EKGLADXB2000
1270,2025-09-27,EDI-DXB,Emirates,2025-09-27 14:00:00,259,215,True,False,6,EKEDIDXB1400
1271,2025-09-27,GLA-DXB,Emirates,2025-09-27 20:00:00,427,414,True,False,29,EKGLADXB2000
1272,2025-09-28,EDI-DXB,Emirates,2025-09-28 14:00:00,259,235,True,False,17,EKEDIDXB1400
1273,2025-09-28,GLA-DXB,Emirates,2025-09-28 20:00:00,427,376,True,False,11,EKGLADXB2000
1274,2025-09-29,EDI-DXB,Emirates,2025-09-29 14:00:00,259,232,False,False,20,EKEDIDXB1400
1275,2025-09-29,GLA-DXB,Emirates,2025-09-29 20:00:00,427,398,False,False,20,EKGLADXB2000
1276,2025-09-30,EDI-DXB,Emirates,2025-09-30 14:00:00,259,231,False,False,27,EKEDIDXB1400
1277,2025-09-30,GLA-DXB,Emirates,2025-09-30 20:00:00,427,358,False,False,34,EKGLADXB2000
1278,2025-10-01,EDI-DXB,Emirates,2025-10-01 14:00:00,259,221,False,False,10,EKEDIDXB1400
1279,2025-10-01,GLA-DXB,Emirates,2025-10-01 20:00:00,427,360,False,False,14,EKGLADXB2000
1280,2025-10-02,EDI-DXB,Emirates,2025-10-02 14:00:00,259,237,False,False,8,EKEDIDXB1400
1281,2025-10-02,GLA-DXB,Emirates,2025-10-02 20:00:00,427,364,False,False,26,EKGLADXB2000
1282,2025-10-03,EDI-DXB,Emirates,2025-10-03 14:00:00,259,246,False,False,13,EKEDIDXB1400
1283,2025-10-03,GLA-DXB,Emirates,2025-10-03 20:00:00,427,372,False,False,20,EKGLADXB2000
1284,2025-10-04,EDI-DXB,Emirates,2025-10-04 14:00:00,259,232,True,False,10,EKEDIDXB1400
1285,2025-10-04,GLA-DXB,Emirates,2025-10-04 20:00:00,427,385,True,False,26,EKGLADXB2000
1286,2025-10-05,EDI-DXB,Emirates,2025-10-05 14:00:00,259,254,True,False,22,EKEDIDXB1400
1287,2025-10-05,GLA-DXB,Emirates,2025-10-05 20:00:00,427,370,True,False,33,EKGLADXB2000
1288,2025-10-06,EDI-DXB,Emirates,2025-10-06 14:00:00,259,225,False,False,24,EKEDIDXB1400
1289,2025-10-06,GLA-DXB,Emirates,2025-10-06 20:00:00,427,372,False,False,12,EKGLADXB2000
1290,2025-10-07,EDI-DXB,Emirates,2025-10-07 14:00:00,259,223,False,False,17,EKEDIDXB1400
1291,2025-10-07,GLA-DXB,Emirates,2025-10-07 20:00:00,427,362,False,False,22,EKGLADXB2000
1292,2025-10-08,EDI-DXB,Emirates,2025-10-08 14:00:00,259,207,False,False,25,EKEDIDXB1400
1293,2025-10-08,GLA-DXB,Emirates,2025-10-08 20:00:00,427,374,False,False,17,EKGLADXB2000
1294,2025-10-09,EDI-DXB,Emirates,2025-10-09 14:00:00,259,213,False,False,12,EKEDIDXB1400
1295,2025-10-09,GLA-DXB,Emirates,2025-10-09 20:00:00,427,359,False,False,24,EKGLADXB2000
1296,2025-10-10,EDI-DXB,Emirates,2025-10-10 14:00:00,259,226,False,False,8,EKEDIDXB1400
1297,2025-10-10,GLA-DXB,Emirates,2025-10-10 20:00:00,427,369,False,False,19,EKGLADXB2000
1298,2025-10-11,EDI-DXB,Emirates,2025-10-11 14:00:00,259,226,True,False,8,EKEDIDXB1400
1299,2025-10-11,GLA-DXB,Emirates,2025-10-11 20:00:00,427,388,True,False,9,EKGLADXB2000
1300,2025-10-12,EDI-DXB,Emirates,2025-10-12 14:00:00,259,236,True,False,22,EKEDIDXB1400
1301,2025-10-12,GLA-DXB,Emirates,2025-10-12 20:00:00,427,378,True,False,22,EKGLADXB2000
1302,2025-10-13,EDI-DXB,Emirates,2025-10-13 14:00:00,259,224,False,True,34,EKEDIDXB1400
1303,2025-10-13,GLA-DXB,Emirates,2025-10-13 20:00:00,427,376,False,True,46,EKGLADXB2000
1304,2025-10-14,EDI-DXB,Emirates,2025-10-14 14:00:00,259,218,False,True,41,EKEDIDXB1400
1305,2025-10-14,GLA-DXB,Emirates,2025-10-14 20:00:00,427,372,False,True,24,EKGLADXB2000
1306,2025-10-15,EDI-DXB,Emirates,2025-10-15 14:00:00,259,222,False,True,28,EKEDIDXB1400
1307,2025-10-15,GLA-DXB,Emirates,2025-10-15 20:00:00,427,361,False,True,47,EKGLADXB2000
1308,2025-10-16,EDI-DXB,Emirates,2025-10-16 14:00:00,259,235,False,True,37,EKEDIDXB1400
1309,2025-10-16,GLA-DXB,Emirates,2025-10-16 20:00:00,427,364,False,True,37,EKGLADXB2000
1310,2025-10-17,EDI-DXB,Emirates,2025-10-17 14:00:00,259,220,False,True,44,EKEDIDXB1400
1311,2025-10-17,GLA-DXB,Emirates,2025-10-17 20:00:00,427,403,False,True,34,EKGLADXB2000
1312,2025-10-18,EDI-DXB,Emirates,2025-10-18 14:00:00,259,237,True,False,19,EKEDIDXB1400
1313,2025-10-18,GLA-DXB,Emirates,2025-10-18 20:00:00,427,383,True,False,32,EKGLADXB2000
1314,2025-10-19,EDI-DXB,Emirates,2025-10-19 14:00:00,259,221,True,False,9,EKEDIDXB1400
1315,2025-10-19,GLA-DXB,Emirates,2025-10-19 20:00:00,427,389,True,False,26,EKGLADXB2000
1316,2025-10-20,EDI-DXB,Emirates,2025-10-20 14:00:00,259,224,False,False,20,EKEDIDXB1400
1317,2025-10-20,GLA-DXB,Emirates,2025-10-20 20:00:00,427,382,False,False,29,EKGLADXB2000
1318,2025-10-21,EDI-DXB,Emirates,2025-10-21 14:00:00,259,224,False,False,20,EKEDIDXB1400
1319,2025-10-21,GLA-DXB,Emirates,2025-10-21 20:00:00,427,381,False,False,23,EKGLADXB2000
1320,2025-10-22,EDI-DXB,Emirates,2025-10-22 14:00:00,259,223,False,False,4,EKEDIDXB1400
1321,2025-10-22,GLA-DXB,Emirates,2025-10-22 20:00:00,427,347,False,False,28,EKGLADXB2000
1322,2025-10-23,EDI-DXB,Emirates,2025-10-23 14:00:00,259,220,False,False,25,EKEDIDXB1400
1323,2025-10-23,GLA-DXB,Emirates,2025-10-23 20:00:00,427,384,False,False,26,EKGLADXB2000
1324,2025-10-24,EDI-DXB,Emirates,2025-10-24 14:00:00,259,214,False,False,8,EKEDIDXB1400
1325,2025-10-24,GLA-DXB,Emirates,2025-10-24 20:00:00,427,359,False,False,38,EKGLADXB2000
1326,2025-10-25,EDI-DXB,Emirates,2025-10-25 14:00:00,259,231,True,False,15,EKEDIDXB1400
1327,2025-10-25,GLA-DXB,Emirates,2025-10-25 20:00:00,427,365,True,False,30,EKGLADXB2000
1328,2025-10-26,EDI-DXB,Emirates,2025-10-26 14:00:00,259,239,True,False,20,EKEDIDXB1400
1329,2025-10-26,GLA-DXB,Emirates,2025-10-26 20:00:00,427,383,True,False,15,EKGLADXB2000
1330,2025-10-27,EDI-DXB,Emirates,2025-10-27 14:00:00,259,243,False,False,13,EKEDIDXB1400
1331,2025-10-27,GLA-DXB,Emirates,2025-10-27 20:00:00,427,341,False,False,14,EKGLADXB2000
1332,2025-10-28,EDI-DXB,Emirates,2025-10-28 14:00:00,259,227,False,False,7,EKEDIDXB1400
1333,2025-10-28,GLA-DXB,Emirates,2025-10-28 20:00:00,427,389,False,False,19,EKGLADXB2000
1334,2025-10-29,EDI-DXB,Emirates,2025-10-29 14:00:00,259,225,False,False,18,EKEDIDXB1400
1335,2025-10-29,GLA-DXB,Emirates,2025-10-29 20:00:00,427,386,False,False,22,EKGLADXB2000
1336,2025-10-30,EDI-DXB,Emirates,2025-10-30 14:00:00,259,233,False,False,16,EKEDIDXB1400
1337,2025-10-30,GLA-DXB,Emirates,2025-10-30 20:00:00,427,376,False,False,20,EKGLADXB2000
1338,2025-10-31,EDI-DXB,Emirates,2025-10-31 14:00:00,259,226,False,False,18,EKEDIDXB1400
1339,2025-10-31,GLA-DXB,Emirates,2025-10-31 20:00:00,427,369,False,False,15,EKGLADXB2000
1340,2025-11-01,EDI-DXB,Emirates,2025-11-01 14:00:00,259,224,True,False,3,EKEDIDXB1400
1341,2025-11-01,GLA-DXB,Emirates,2025-11-01 20:00:00,427,376,True,False,19,EKGLADXB2000
1342,2025-11-02,EDI-DXB,Emirates,2025-11-02 14:00:00,259,227,True,False,21,EKEDIDXB1400
1343,2025-11-02,GLA-DXB,Emirates,2025-11-02 20:00:00,427,387,True,False,29,EKGLADXB2000
1344,2025-11-03,EDI-DXB,Emirates,2025-11-03 14:00:00,259,216,False,False,7,EKEDIDXB1400
1345,2025-11-03,GLA-DXB,Emirates,2025-11-03 20:00:00,427,381,False,False,20,EKGLADXB2000
1346,2025-11-04,EDI-DXB,Emirates,2025-11-04 14:00:00,259,236,False,False,15,EKEDIDXB1400
1347,2025-11-04,GLA-DXB,Emirates,2025-11-04 20:00:00,427,378,False,False,22,EKGLADXB2000
1348,2025-11-05,EDI-DXB,Emirates,2025-11-05 14:00:00,259,224,False,False,20,EKEDIDXB1400
1349,2025-11-05,GLA-DXB,Emirates,2025-11-05 20:00:00,427,372,False,False,10,EKGLADXB2000
1350,2025-11-06,EDI-DXB,Emirates,2025-11-06 14:00:00,259,229,False,False,11,EKEDIDXB1400
1351,2025-11-06,GLA-DXB,Emirates,2025-11-06 20:00:00,427,356,False,False,29,EKGLADXB2000
1352,2025-11-07,EDI-DXB,Emirates,2025-11-07 14:00:00,259,233,False,False,5,EKEDIDXB1400
1353,2025-11-07,GLA-DXB,Emirates,2025-11-07 20:00:00,427,369,False,False,12,EKGLADXB2000
1354,2025-11-08,EDI-DXB,Emirates,2025-11-08 14:00:00,259,226,True,False,24,EKEDIDXB1400
1355,2025-11-08,GLA-DXB,Emirates,2025-11-08 20:00:00,427,384,True,False,33,EKGLADXB2000
1356,2025-11-09,EDI-DXB,Emirates,2025-11-09 14:00:00,259,233,True,False,31,EKEDIDXB1400
1357,2025-11-09,GLA-DXB,Emirates,2025-11-09 20:00:00,427,400,True,False,29,EKGLADXB2000
1358,2025-11-10,EDI-DXB,Emirates,2025-11-10 14:00:00,259,229,False,False,12,EKEDIDXB1400
1359,2025-11-10,GLA-DXB,Emirates,2025-11-10 20:00:00,427,379,False,False,33,EKGLADXB2000
1360,2025-11-11,EDI-DXB,Emirates,2025-11-11 14:00:00,259,236,False,False,14,EKEDIDXB1400
1361,2025-11-11,GLA-DXB,Emirates,2025-11-11 20:00:00,427,389,False,False,15,EKGLADXB2000
1362,2025-11-12,EDI-DXB,Emirates,2025-11-12 14:00:00,259,222,False,False,20,EKEDIDXB1400
1363,2025-11-12,GLA-DXB,Emirates,2025-11-12 20:00:00,427,375,False,False,16,EKGLADXB2000
1364,2025-11-13,EDI-DXB,Emirates,2025-11-13 14:00:00,259,215,False,False,15,EKEDIDXB1400
1365,2025-11-13,GLA-DXB,Emirates,2025-11-13 20:00:00,427,371,False,False,22,EKGLADXB2000
1366,2025-11-14,EDI-DXB,Emirates,2025-11-14 14:00:00,259,221,False,False,11,EKEDIDXB1400
1367,2025-11-14,GLA-DXB,Emirates,2025-11-14 20:00:00,427,355,False,False,26,EKGLADXB2000
1368,2025-11-15,EDI-DXB,Emirates,2025-11-15 14:00:00,259,228,True,False,17,EKEDIDXB1400
1369,2025-11-15,GLA-DXB,Emirates,2025-11-15 20:00:00,427,400,True,False,15,EKGLADXB2000
1370,2025-11-16,EDI-DXB,Emirates,2025-11-16 14:00:00,259,233,True,False,14,EKEDIDXB1400
1371,2025-11-16,GLA-DXB,Emirates,2025-11-16 20:00:00,427,386,True,False,20,EKGLADXB2000
1372,2025-11-17,EDI-DXB,Emirates,2025-11-17 14:00:00,259,218,False,False,20,EKEDIDXB1400
1373,2025-11-17,GLA-DXB,Emirates,2025-11-17 20:00:00,427,364,False,False,41,EKGLADXB2000
1374,2025-11-18,EDI-DXB,Emirates,2025-11-18 14:00:00,259,229,False,False,27,EKEDIDXB1400
1375,2025-11-18,GLA-DXB,Emirates,2025-11-18 20:00:00,427,369,False,False,24,EKGLADXB2000
1376,2025-11-19,EDI-DXB,Emirates,2025-11-19 14:00:00,259,229,False,False,17,EKEDIDXB1400
1377,2025-11-19,GLA-DXB,Emirates,2025-11-19 20:00:00,427,388,False,False,26,EKGLADXB2000
1378,2025-11-20,EDI-DXB,Emirates,2025-11-20 14:00:00,259,227,False,False,22,EKEDIDXB1400
1379,2025-11-20,GLA-DXB,Emirates,2025-11-20 20:00:00,427,387,False,False,28,EKGLADXB2000
1380,2025-11-21,EDI-DXB,Emirates,2025-11-21 14:00:00,259,218,False,False,20,EKEDIDXB1400
1381,2025-11-21,GLA-DXB,Emirates,2025-11-21 20:00:00,427,389,False,False,8,EKGLADXB2000
1382,2025-11-22,EDI-DXB,Emirates,2025-11-22 14:00:00,259,219,True,False,5,EKEDIDXB1400
1383,2025-11-22,GLA-DXB,Emirates,2025-11-22 20:00:00,427,374,True,False,13,EKGLADXB2000
1384,2025-11-23,EDI-DXB,Emirates,2025-11-23 14:00:00,259,217,True,False,32,EKEDIDXB1400
1385,2025-11-23,GLA-DXB,Emirates,2025-11-23 20:00:00,427,396,True,False,31,EKGLADXB2000
1386,2025-11-24,EDI-DXB,Emirates,2025-11-24 14:00:00,259,224,False,False,22,EKEDIDXB1400
1387,2025-11-24,GLA-DXB,Emirates,2025-11-24 20:00:00,427,379,False,False,27,EKGLADXB2000
1388,2025-11-25,EDI-DXB,Emirates,2025-11-25 14:00:00,259,222,False,False,5,EKEDIDXB1400
1389,2025-11-25,GLA-DXB,Emirates,2025-11-25 20:00:00,427,384,False,False,27,EKGLADXB2000
1390,2025-11-26,EDI-DXB,Emirates,2025-11-26 14:00:00,259,230,False,False,20,EKEDIDXB1400
1391,2025-11-26,GLA-DXB,Emirates,2025-11-26 20:00:00,427,371,False,False,21,EKGLADXB2000
1392,2025-11-27,EDI-DXB,Emirates,2025-11-27 14:00:00,259,234,False,False,2,EKEDIDXB1400
1393,2025-11-27,GLA-DXB,Emirates,2025-11-27 20:00:00,427,378,False,False,29,EKGLADXB2000
1394,2025-11-28,EDI-DXB,Emirates,2025-11-28 14:00:00,259,222,False,False,13,EKEDIDXB1400
1395,2025-11-28,GLA-DXB,Emirates,2025-11-28 20:00:00,427,345,False,False,14,EKGLADXB2000
1396,2025-11-29,EDI-DXB,Emirates,2025-11-29 14:00:00,259,235,True,False,12,EKEDIDXB1400
1397,2025-11-29,GLA-DXB,Emirates,2025-11-29 20:00:00,427,369,True,False,12,EKGLADXB2000
1398,2025-11-30,EDI-DXB,Emirates,2025-11-30 14:00:00,259,228,True,False,7,EKEDIDXB1400
1399,2025-11-30,GLA-DXB,Emirates,2025-11-30 20:00:00,427,369,True,False,38,EKGLADXB2000
1400,2025-12-01,EDI-DXB,Emirates,2025-12-01 14:00:00,259,239,False,False,13,EKEDIDXB1400
1401,2025-12-01,GLA-DXB,Emirates,2025-12-01 20:00:00,427,381,False,False,6,EKGLADXB2000
1402,2025-12-02,EDI-DXB,Emirates,2025-12-02 14:00:00,259,229,False,False,5,EKEDIDXB1400
1403,2025-12-02,GLA-DXB,Emirates,2025-12-02 20:00:00,427,377,False,False,26,EKGLADXB2000
1404,2025-12-03,EDI-DXB,Emirates,2025-12-03 14:00:00,259,231,False,False,10,EKEDIDXB1400
1405,2025-12-03,GLA-DXB,Emirates,2025-12-03 20:00:00,427,365,False,False,34,EKGLADXB2000
1406,2025-12-04,EDI-DXB,Emirates,2025-12-04 14:00:00,259,217,False,False,30,EKEDIDXB1400
1407,2025-12-04,GLA-DXB,Emirates,2025-12-04 20:00:00,427,371,False,False,26,EKGLADXB2000
1408,2025-12-05,EDI-DXB,Emirates,2025-12-05 14:00:00,259,235,False,False,21,EKEDIDXB1400
1409,2025-12-05,GLA-DXB,Emirates,2025-12-05 20:00:00,427,342,False,False,39,EKGLADXB2000
1410,2025-12-06,EDI-DXB,Emirates,2025-12-06 14:00:00,259,219,True,False,4,EKEDIDXB1400
1411,2025-12-06,GLA-DXB,Emirates,2025-12-06 20:00:00,427,378,True,False,28,EKGLADXB2000
1412,2025-12-07,EDI-DXB,Emirates,2025-12-07 14:00:00,259,226,True,False,6,EKEDIDXB1400
1413,2025-12-07,GLA-DXB,Emirates,2025-12-07 20:00:00,427,385,True,False,37,EKGLADXB2000
1414,2025-12-08,EDI-DXB,Emirates,2025-12-08 14:00:00,259,242,False,False,25,EKEDIDXB1400
1415,2025-12-08,GLA-DXB,Emirates,2025-12-08 20:00:00,427,380,False,False,15,EKGLADXB2000
1416,2025-12-09,EDI-DXB,Emirates,2025-12-09 14:00:00,259,223,False,False,17,EKEDIDXB1400
1417,2025-12-09,GLA-DXB,Emirates,2025-12-09 20:00:00,427,407,False,False,36,EKGLADXB2000
1418,2025-12-10,EDI-DXB,Emirates,2025-12-10 14:00:00,259,228,False,False,6,EKEDIDXB1400
1419,2025-12-10,GLA-DXB,Emirates,2025-12-10 20:00:00,427,360,False,False,24,EKGLADXB2000
1420,2025-12-11,EDI-DXB,Emirates,2025-12-11 14:00:00,259,231,False,False,17,EKEDIDXB1400
1421,2025-12-11,GLA-DXB,Emirates,2025-12-11 20:00:00,427,378,False,False,26,EKGLADXB2000
1422,2025-12-12,EDI-DXB,Emirates,2025-12-12 14:00:00,259,232,False,False,22,EKEDIDXB1400
1423,2025-12-12,GLA-DXB,Emirates,2025-12-12 20:00:00,427,361,False,False,23,EKGLADXB2000
1424,2025-12-13,EDI-DXB,Emirates,2025-12-13 14:00:00,259,224,True,False,7,EKEDIDXB1400
1425,2025-12-13,GLA-DXB,Emirates,2025-12-13 20:00:00,427,374,True,False,7,EKGLADXB2000
1426,2025-12-14,EDI-DXB,Emirates,2025-12-14 14:00:00,259,244,True,False,12,EKEDIDXB1400
1427,2025-12-14,GLA-DXB,Emirates,2025-12-14 20:00:00,427,365,True,False,25,EKGLADXB2000
1428,2025-12-15,EDI-DXB,Emirates,2025-12-15 14:00:00,259,233,False,False,11,EKEDIDXB1400
1429,2025-12-15,GLA-DXB,Emirates,2025-12-15 20:00:00,427,389,False,False,21,EKGLADXB2000
1430,2025-12-16,EDI-DXB,Emirates,2025-12-16 14:00:00,259,215,False,False,16,EKEDIDXB1400
1431,2025-12-16,GLA-DXB,Emirates,2025-12-16 20:00:00,427,376,False,False,15,EKGLADXB2000
1432,2025-12-17,EDI-DXB,Emirates,2025-12-17 14:00:00,259,222,False,False,19,EKEDIDXB1400
1433,2025-12-17,GLA-DXB,Emirates,2025-12-17 20:00:00,427,346,False,False,31,EKGLADXB2000
1434,2025-12-18,EDI-DXB,Emirates,2025-12-18 14:00:00,259,237,False,False,11,EKEDIDXB1400
1435,2025-12-18,GLA-DXB,Emirates,2025-12-18 20:00:00,427,416,False,False,15,EKGLADXB2000
1436,2025-12-19,EDI-DXB,Emirates,2025-12-19 14:00:00,259,215,False,False,11,EKEDIDXB1400
1437,2025-12-19,GLA-DXB,Emirates,2025-12-19 20:00:00,427,371,False,False,17,EKGLADXB2000
1438,2025-12-20,EDI-DXB,Emirates,2025-12-20 14:00:00,259,237,True,False,11,EKEDIDXB1400
1439,2025-12-20,GLA-DXB,Emirates,2025-12-20 20:00:00,427,386,True,False,24,EKGLADXB2000
1440,2025-12-21,EDI-DXB,Emirates,2025-12-21 14:00:00,259,255,True,False,14,EKEDIDXB1400
1441,2025-12-21,GLA-DXB,Emirates,2025-12-21 20:00:00,427,368,True,False,21,EKGLADXB2000
1442,2025-12-22,EDI-DXB,Emirates,2025-12-22 14:00:00,259,218,False,True,28,EKEDIDXB1400
1443,2025-12-22,GLA-DXB,Emirates,2025-12-22 20:00:00,427,389,False,True,54,EKGLADXB2000
1444,2025-12-23,EDI-DXB,Emirates,2025-12-23 14:00:00,259,232,False,True,15,EKEDIDXB1400
1445,2025-12-23,GLA-DXB,Emirates,2025-12-23 20:00:00,427,376,False,True,43,EKGLADXB2000
1446,2025-12-24,EDI-DXB,Emirates,2025-12-24 14:00:00,259,234,False,True,37,EKEDIDXB1400
1447,2025-12-24,GLA-DXB,Emirates,2025-12-24 20:00:00,427,402,False,True,44,EKGLADXB2000
1448,2025-12-25,EDI-DXB,Emirates,2025-12-25 14:00:00,259,228,False,True,36,EKEDIDXB1400
1449,2025-12-25,GLA-DXB,Emirates,2025-12-25 20:00:00,427,367,False,True,47,EKGLADXB2000
1450,2025-12-26,EDI-DXB,Emirates,2025-12-26 14:00:00,259,231,False,True,26,EKEDIDXB1400
1451,2025-12-26,GLA-DXB,Emirates,2025-12-26 20:00:00,427,393,False,True,49,EKGLADXB2000
1452,2025-12-27,EDI-DXB,Emirates,2025-12-27 14:00:00,259,233,True,True,23,EKEDIDXB1400
1453,2025-12-27,GLA-DXB,Emirates,2025-12-27 20:00:00,427,391,True,True,28,EKGLADXB2000
1454,2025-12-28,EDI-DXB,Emirates,2025-12-28 14:00:00,259,240,True,True,16,EKEDIDXB1400
1455,2025-12-28,GLA-DXB,Emirates,2025-12-28 20:00:00,427,370,True,True,53,EKGLADXB2000
1456,2025-12-29,EDI-DXB,Emirates,2025-12-29 14:00:00,259,230,False,True,16,EKEDIDXB1400
1457,2025-12-29,GLA-DXB,Emirates,2025-12-29 20:00:00,427,368,False,True,49,EKGLADXB2000
1458,2025-12-30,EDI-DXB,Emirates,2025-12-30 14:00:00,259,214,False,True,35,EKEDIDXB1400
1459,2025-12-30,GLA-DXB,Emirates,2025-12-30 20:00:00,427,386,False,True,27,EKGLADXB2000
1460,2025-12-31,EDI-DXB,Emirates,2025-12-31 14:00:00,259,228,False,True,19,EKEDIDXB1400
1461,2025-12-31,GLA-DXB,Emirates,2025-12-31 20:00:00,427,366,False,True,52,EKGLADXB2000
